player_name,Player
Alaa Abdelnaby,76001
Zaid Abdul-Aziz,76002
Kareem Abdul-Jabbar,76003
Mahmoud Abdul-Rauf,51
Tariq Abdul-Wahad,1505
Shareef Abdur-Rahim,949
Tom Abernethy,76005
Forest Able,76006
John Abramovic,76007
Alex Abrines,203518
Precious Achiuwa,1630173
Alex Acker,101165
Donald Ackerman,76008
Mark Acres,76009
Charles Acton,76010
Quincy Acy,203112
Alvan Adams,76011
Don Adams,76012
Hassan Adams,200801
Jaylen Adams,1629121
Jordan Adams,203919
Michael Adams,149
Steven Adams,203500
Rafael Addison,912
Bam Adebayo,1628389
Deng Adel,1629061
Rick Adelman,76015
Jeff Adrien,202399
Arron Afflalo,201167
Ochai Agbaji,1630534
Maurice Ager,200772
Mark Aguirre,76016
Blake Ahearn,201336
Danny Ainge,76017
Alexis Ajinca,201582
Henry Akin,76018
Josh Akognon,203006
DeVaughn Akoon-Purcell,1629152
Solomon Alabi,202374
Mark Alarie,76019
Gary Alcorn,76020
Santi Aldama,1630583
Furkan Aldemir,203128
Cole Aldrich,202332
LaMarcus Aldridge,200746
Chuck Aleksinas,76021
Cliff Alexander,1626146
Cory Alexander,724
Courtney Alexander,2042
Gary Alexander,76022
Joe Alexander,201570
Kyle Alexander,1629734
Ty-Shon Alexander,1630234
Victor Alexander,2349
Nickeil Alexander-Walker,1629638
Steve Alford,76024
Rawle Alkins,1628959
Bob Allen,76028
Grayson Allen,1628960
Jarrett Allen,1628386
Jerome Allen,706
Kadeem Allen,1628443
Lavoy Allen,202730
Lucius Allen,76027
Malik Allen,2124
Randy Allen,76025
Ray Allen,951
Tony Allen,2754
Odis Allison,76029
Lance Allred,200984
Darrell Allums,76030
Morris Almond,201165
Derrick Alston,308
Rafer Alston,1747
Peter Aluma,1824
Jose Alvarado,1630631
John Amaechi,680
Ashraf Amaya,732
Al-Farouq Aminu,202329
Lou Amundson,200811
Bob Anderegg,76034
Chris Andersen,2365
David Andersen,2431
Alan Anderson,101187
Antonio Anderson,202079
Cliff Anderson,76035
Daniel Anderson,76036
Derek Anderson,1507
Dwight Anderson,76037
Eric Anderson,944
Greg Anderson,246
James Anderson,202341
Jerome Anderson,76040
Justin Anderson,1626147
Kenny Anderson,72
Kim Anderson,76041
Kyle Anderson,203937
Michael Anderson,76042
Mitchell Anderson,76043
Nick Anderson,98
Richard Anderson,76045
Ron Anderson,76046
Ryan Anderson,201583
Shandon Anderson,1000
Willie Anderson,335
Wally Anderzunas,76048
Martynas Andriuskevicius,101149
Don Anielak,76049
Ike Anigbogu,1628387
Michael Ansley,76050
Chris Anstey,1512
Giannis Antetokounmpo,203507
Kostas Antetokounmpo,1628961
Thanasis Antetokounmpo,203648
Carmelo Anthony,2546
Cole Anthony,1630175
Greg Anthony,21
Joel Anthony,201202
Pero Antic,203544
O.G. Anunoby,1628384
Keith Appling,203951
Rafael Araujo,2737
Stacey Arceneaux,76053
Nate Archibald,76054
Robert Archibald,2425
Ryan Arcidiacono,1627853
Jim Ard,76055
Gilbert Arenas,2240
Trevor Ariza,2772
Paul Arizin,76056
Joe Arlauckas,76057
B.J. Armstrong,769
Bob Armstrong,76061
Brandon Armstrong,2220
Darrell Armstrong,353
Hilton Armstrong,200756
Paul Armstrong,76060
Tate Armstrong,76059
Jesse Arnelle,76062
Jay Arnette,76063
Bob Arnzen,76064
Carlos Arroyo,2306
Darrell Arthur,201589
John Arthurs,76065
Jamel Artis,1628503
Omer Asik,201600
Vincent Askew,355
Keith Askins,173
Don Asmonga,76068
Richard Atha,76069
Chucky Atkins,1088
Alvin Attles,76070
Chet Aubuchon,76071
Stacey Augmon,278
D.J. Augustin,201571
James Augustine,200788
Ike Austin,1134
John Austin,76073
Ken Austin,76074
Deni Avdija,1630166
Anthony Avent,138
William Averitt,76076
William Avery,1895
Dennis Awtrey,76078
Joel Ayayi,1630555
Gustavo Ayon,202970
Jeff Ayres,201965
Deandre Ayton,1629028
Kelenna Azubuike,101235
Udoka Azubuike,1628962
Chris Babb,203569
Luke Babbitt,202337
Milos Babic,76079
Johnny Bach,76080
Dwayne Bacon,1628407
Jim Baechtold,76081
Dalibor Bagaric,2053
John Bagley,76082
Marvin Bagley III,1628963
Carl Bailey,76084
Gus Bailey,76083
James Bailey,76085
Thurl Bailey,1847
Toby Bailey,1753
Cameron Bairstow,203946
Mark Baker,1858
Maurice Baker,2486
Norm Baker,76089
Ron Baker,1627758
Vin Baker,452
Wade Baldwin IV,1627735
Patrick Baldwin Jr.,1631116
Renaldo Balkman,200764
Cedric Ball,76090
LaMelo Ball,1630163
Lonzo Ball,1628366
Greg Ballard,76091
Herschel Baltimore,76092
Mo Bamba,1628964
Paolo Banchero,1631094
Desmond Bane,1630217
Gene Banks,76093
Marcus Banks,2556
Ken Bannister,76094
Mike Bantom,76095
Dalano Banton,1630625
Cat Barber,1627760
John Barber,76096
Leandro Barbosa,2571
Stephen Bardo,76097
J.J. Barea,200826
Andrea Bargnani,200745
Cliff Barker,76098
Tom Barker,76099
Charles Barkley,787
Erick Barkley,2057
Don Barksdale,76102
Dominick Barlow,1631230
Harrison Barnes,203084
Harry Barnes,76103
Jim Barnes,76105
Marvin Barnes,76104
Matt Barnes,2440
Scottie Barnes,1630567
Dick Barnett,76107
Jim Barnett,76106
John Barnhill,76108
Norton Barnhill,76109
Leo Barnhorst,76110
John Barr,76111
Mike Barr,76112
Thomas Barr,76113
Andre Barrett,2857
Ernie Barrett,76114
RJ Barrett,1629628
Earl Barron,2853
Dana Barros,344
Brent Barry,699
Drew Barry,1003
Jon Barry,468
Rick Barry,600013
Ed Bartels,76117
Vic Bartolome,76118
Will Barton,203115
Eddie Basden,101188
Jerry Baskerville,76119
Brandon Bass,101138
Paris Bass,1628238
Tim Bassett,76120
Charles Bassey,1629646
Maceo Baston,1766
Mengke Bateer,2370
Billyray Bates,76121
Keita Bates-Diop,1628966
Esteban Batista,101212
Mike Batiste,2471
Tony Battie,1499
Shane Battier,2203
John Battle,174
Kenny Battle,76123
Dave Batton,76124
Nicolas Batum,201587
Johnny Baum,76125
Frankie Baumholtz,76126
Lonny Baxter,2437
Jerryd Bayless,201573
Elgin Baylor,76127
Aron Baynes,203382
Sergei Bazarevich,76128
Kent Bazemore,203145
Darius Bazley,1629647
Ed Beach,76129
Bradley Beal,203078
Butch Beard,76130
Ralph Beard,76131
Jerome Beasley,2602
Malik Beasley,1627736
Michael Beasley,201563
Zelmo Beaty,76133
Rodrigue Beaubois,201958
MarJon Beauchamp,1630699
Byron Beck,76134
Corey Beck,1133
Ernie Beck,76136
Moe Becker,76137
William Bedford,76138
Hank Beenders,76139
Ron Behagen,76140
Elmer Behnke,76141
Marco Belinelli,201158
Charlie Bell,2294
Dennis Bell,76142
Jordan Bell,1628395
Raja Bell,1952
Troy Bell,2559
William Bell,76143
Walt Bellamy,76144
DeAndre' Bembry,1627761
Irv Bemoras,76145
Leon Benbow,76146
Dragan Bender,1627733
Jonathan Bender,1886
Jerrelle Benimon,203968
Benoit Benjamin,104
Corey Benjamin,1736
Anthony Bennett,203461
Elmer Bennett,1120
Mario Bennett,712
Mel Bennett,76151
Tony Bennett,76148
Winston Bennett,76152
David Benoit,128
Keith Benson,202728
Kent Benson,76154
Ben Bentil,1627791
Gene Berce,76155
Gary Bergen,76156
Ricky Berry,76157
Walter Berry,76158
Dairis Bertans,1629541
Davis Bertans,202722
Del Beshore,76159
Travis Best,696
Patrick Beverley,201976
Saddiq Bey,1630180
Tyler Bey,1630189
Sim Bhullar,204021
Al Bianchi,76160
Hank Biasatti,76161
Henry Bibby,76162
Mike Bibby,1710
Ed Biedenbach,76163
Andris Biedrins,2740
Don Bielke,76164
Bob Bigelow,76165
Chauncey Billups,1497
Dave Bing,76166
Joe Binion,76167
Khem Birch,203920
Jabari Bird,1628444
Jerry Bird,76168
Larry Bird,1449
Otis Birdsong,76170
Gale Bishop,76171
Goga Bitadze,1629048
Bismack Biyombo,202687
Nemanja Bjelica,202357
Uwe Blab,76172
Charlie Black,76173
Norman Black,76174
Tarik Black,204028
Tom Black,76175
Rolando Blackman,76176
Alex Blackwell,76180
Cory Blackwell,76177
James Blackwell,1806
Nate Blackwell,76179
DeJuan Blair,201971
Steve Blake,2581
Marqus Blakely,202392
Antonio Blakeney,1628469
Will Blalock,200807
George Blaney,76182
Lance Blanks,76183
Ricky Blanton,76184
Andray Blatche,101154
Mookie Blaylock,302
Eric Bledsoe,202339
Keljin Blevins,1629833
Leon Blevins,76186
John Block,76187
Mike Bloom,76188
Jaron Blossomgame,1628417
Corie Blount,916
Mark Blount,1548
Vander Blue,203505
Trevon Bluiett,1629129
Ray Blume,76189
Nelson Bobb,76190
Tony Bobbitt,2800
Arlen Bockhorn,76191
Buddy Boeheim,1631205
Tom Boerwinkle,76192
Keith Bogans,2586
Bogdan Bogdanovic,203992
Bojan Bogdanovic,202711
Muggsy Bogues,177
Andrew Bogut,101106
Etdrick Bohannon,1564
Bol Bol,1629626
Manute Bol,76195
Jonah Bolden,1628413
Marques Bolden,1629716
Bill Bolger,76196
Leandro Bolmaro,1630195
Joel Bolomboy,1627762
Doug Bolstorff,76197
George H. Bon Salle,76203
Phil Bond,76198
Walter Bond,1603
Jordan Bone,1629648
Dexter Boney,1121
Isaac Bonga,1629067
Ron Bonham,76201
Anthony Bonner,41
Matt Bonner,2588
Devin Booker,1626164
Melvin Booker,511
Trevor Booker,202344
Josh Boone,200767
Ron Boone,76204
Calvin Booth,1916
Keith Booth,1522
Bob Boozer,76206
Carlos Boozer,2430
Curtis Borchardt,2414
Jake Bornheimer,76207
Lazaro Borrell,1953
Costic Borsavage,76209
Vince Boryla,76210
Chris Bosh,2547
Jim Bostic,76211
Brandon Boston,1630527
Lawrence Boston,76212
Tom Boswell,76213
Chris Boucher,1628449
James Bouknight,1630547
Ruben Boumtje-Boumtje,2257
Don Boven,76214
Cal Bowdler,1898
Bruce Bowen,1477
Ryan Bowen,1763
Brian Bowen II,1628968
Anthony Bowie,194
Sam Bowie,76217
Ira Bowman,1085
Ky Bowman,1629065
Nate Bowman,76219
Donnie Boyce,671
Dennis Boyd,76221
Fred Boyd,76222
Ken Boyd,76223
Earl Boykins,1863
Harry Boykoff,76224
Winford Boynes,76225
Cedric Bozeman,200841
Steve Bracey,76226
Craig Brackins,202342
Gary Bradds,76227
Alex Bradley,76228
Alonzo Bradley,76229
Avery Bradley,202340
Bill Bradley,76233
Charles Bradley,76230
Dudley Bradley,76231
Joe Bradley,76232
Michael Bradley,2214
Shawn Bradley,762
Tony Bradley,1628396
Mark Bradtke,1361
Marques Bragg,66
Torraye Braggs,1765
A.J. Bramlett,1920
Adrian Branch,76237
Elton Brand,1882
Terrell Brandon,210
Malaki Branham,1631103
Bob Brannum,76238
Brad Branson,76239
Jesse Branson,76240
Jarrell Brantley,1629714
Jim Brasco,76241
Mike Bratz,76242
Carl Braun,76243
Christian Braun,1631128
Ignas Brazdeikis,1629649
Tim Breaux,160
J.R. Bremer,2452
Pete Brennan,76245
Tom Brennan,76246
Randy Breuer,76247
Corey Brewer,201147
Jamison Brewer,2249
Jim Brewer,76248
Ron Brewer,76249
Ronnie Brewer,200758
Primoz Brezec,2056
Frank Brian,76250
Frank Brickowski,783
Junior Bridgeman,76252
Bill Bridges,76253
Mikal Bridges,1628969
Miles Bridges,1628970
Al Brightman,76254
Amida Brimah,1628578
Audley Brindley,76255
Isaiah Briscoe,1628515
John Brisker,76256
Oshae Brissett,1629052
Allan Bristow,76257
Tyrone Britt,76258
Wayman Britt,76259
Mike Brittain,76260
David Britton,76261
Jon Brockman,201972
Ryan Broekhoff,1629151
Jim Brogan,76262
Malcolm Brogdon,1627763
Gary Brokaw,76263
Price Brookfield,76264
Aaron Brooks,201166
Armoni Brooks,1629717
Dillon Brooks,1628415
Kevin Brooks,76265
MarShon Brooks,202705
Michael Brooks,76266
Scott Brooks,418
Andre Brown,2810
Anthony Brown,1626148
Bob Brown,76284
Bobby Brown,201628
Bruce Brown,1628971
Chucky Brown,359
Damone Brown,2245
Darrell Brown,76270
Dee Brown,244
Dee Brown,200793
Derrick Brown,201974
Devin Brown,2484
Ernest Brown,2081
Fred Brown,76272
George Brown,76273
Gerald Brown,1871
Harold Brown,76275
Jabari Brown,203913
Jaylen Brown,1627759
John Brown,76276
Kedrick Brown,2208
Kendall Brown,1631112
Kwame Brown,2198
Leon Brown,76278
Lewis Brown,76279
Lorenzo Brown,203485
Marcus Brown,992
Markel Brown,203900
Mike Brown,1479
Moses Brown,1629650
Myron Brown,76277
P.J. Brown,136
Randy Brown,753
Raymond Brown,76282
Rickey Brown,76283
Roger Brown,76286
Shannon Brown,200769
Stan Brown,76285
Sterling Brown,1628425
Tierre Brown,2357
Tony Brown,76268
Greg Brown III,1630535
Charlie Brown Jr.,1629718
Chaundee Brown Jr.,1630602
Troy Brown Jr.,1628972
Jim Browne,76287
Stanley Brundy,76288
Jalen Brunson,1628973
Rick Brunson,1594
Nicolas Brussino,1627852
Elijah Bryant,1629091
Emmette Bryant,76289
Joe Bryant,76290
Kobe Bryant,977
Mark Bryant,95
Thomas Bryant,1628418
Wallace Bryant,76291
Torgeir Bryn,76292
Shaq Buchanan,1629783
Joe Buckhalter,76293
Steve Bucknall,76294
Cleveland Buckner,76295
Greg Buckner,1761
Quinn Buckner,76296
Dave Budd,76297
Chase Budinger,201978
Walter Budko,76298
Jud Buechler,146
Rodney Buford,1934
Matt Bullard,672
Reggie Bullock,203493
Greg Bunch,76300
Dick Bunt,76301
Bill Buntin,76302
Luther Burden,76303
Pat Burke,2469
Trey Burke,203504
Roger Burkman,76304
Alec Burks,202692
Antonio Burks,2766
Kevin Burleson,101207
Tom Burleson,76305
Jack Burmaster,76306
David Burns,76307
Evers Burns,76308
Jim Burns,76309
Scott Burrell,197
Art Burris,76311
Junior Burrough,675
Bob Burrow,76313
Deonte Burton,1629126
Ed Burton,76314
Willie Burton,416
Steve Burtt,76316
Don Buse,76317
Brian Butch,202221
Donnie Butcher,76318
Al Butler,76319
Caron Butler,2406
Da'Sean Butler,202364
Greg Butler,76320
Jackie Butler,2866
Jared Butler,1630215
Jimmy Butler,202710
Mitchell Butler,348
Rasual Butler,2446
John Butler Jr.,1631219
Dwight Buycks,202779
Derrick Byars,201182
Andrew Bynum,101115
Will Bynum,101198
Marty Byrnes,76321
Tommy Byrnes,76322
Mike Bytzura,76323
Zarko Cabarkapa,2560
Barney Cable,76324
Bruno Caboclo,203998
Devontae Cacok,1629719
Jason Caffey,679
Michael Cage,262
Jamal Cain,1631288
Gerry Calabrese,76326
Nick Calathes,201979
Jose Calderon,101181
Adrian Caldwell,154
Jim Caldwell,76328
Joe Caldwell,76329
Kentavious Caldwell-Pope,203484
Bill Calhoun,76331
Corky Calhoun,76330
Demetrius Calip,76332
Tom Callahan,76333
Rick Calloway,76334
Ernie Calverley,76335
Mack Calvin,76336
Dexter Cambridge,76337
Marcus Camby,948
Facundo Campazzo,1630267
Elden Campbell,922
Tony Campbell,76338
Isaiah Canaan,203477
Vlatko Cancar,1628427
Devin Cannady,1629962
Larry Cannon,76339
Clint Capela,203991
Derrick Caracter,202382
Brian Cardinal,2073
Vernon Carey Jr.,1630176
Howie Carl,76340
Chet Carlisle,76341
Geno Carlisle,2367
Rick Carlisle,76342
Al Carlson,76343
Don Carlson,76344
Bob Carney,76345
Rodney Carney,200760
Bob Carpenter,76346
Antoine Carr,156
Austin Carr,76348
Chris Carr,713
Cory Carr,1757
Kenny Carr,76350
M.L. Carr,76351
Bob Carrington,76352
DeMarre Carroll,201960
Joe Barry Carroll,76353
Matt Carroll,2679
Jimmy Carruth,1131
Anthony Carter,1853
Butch Carter,76355
Fred Carter,76356
George Carter,76357
Howard Carter,76358
Jake Carter,76359
Jevon Carter,1628975
Maurice Carter,2466
Reggie Carter,76360
Ron Carter,76361
Vince Carter,1713
Wendell Carter Jr.,1628976
Michael Carter-Williams,203487
Bill Cartwright,76362
Jay Carty,76363
Alex Caruso,1627936
Cornelius Cash,76364
Sam Cassell,208
Omri Casspi,201956
Harvey Catchings,76365
Terry Catledge,767
Sid Catlett,76367
Kelvin Cato,1509
Bobby Cattage,76368
Willie Cauley-Stein,1626161
Troy Caupain,1628505
Duane Causwell,190
Tyler Cavanaugh,1628463
Ron Cavenall,76370
Ahmad Caver,1629958
Cedric Ceballos,76
John Celestand,1911
Al Cervi,76373
Lionel Chalmers,2763
Mario Chalmers,201596
Bill Chamberlain,76374
Wilt Chamberlain,76375
Jerry Chambers,76376
Tom Chambers,1472
Julian Champagnie,1630577
Justin Champagnie,1630551
Mike Champion,76378
Kennedy Chandler,1631113
Tyson Chandler,2199
Wilson Chandler,201163
Don Chaney,76379
John Chaney,76380
Rex Chapman,364
Len Chappell,76382
Ken Charles,76383
Lorenzo Charles,76384
Joe Chealey,1629147
Calbert Cheaney,384
Zylan Cheatham,1629597
Maurice Cheeks,76385
Phil Chenier,76386
Will Cherry,203805
Derrick Chievous,76387
Pete Chilcutt,432
Josh Childress,2735
Randolph Childress,719
Chris Childs,164
Chris Chiozza,1629185
Leroy Chollet,76391
Jim Chones,76392
Marquese Chriss,1627737
Fred Christ,76393
Cal Christensen,76394
Bob Christian,76395
Doug Christie,57
Max Christie,1631108
Dionte Christmas,202091
Rakeem Christmas,1626176
Semaj Christon,203902
Josh Christopher,1630528
Patrick Christopher,203565
Robert Churchwell,928
Archie Clark,76397
Carlos Clark,76398
Earl Clark,201947
Gary Clark,1629109
Ian Clark,203546
Keon Clark,1721
Brandon Clarke,1629634
Coty Clarke,1626262
Jordan Clarkson,203903
Gian Clavell,1628492
Victor Claver,201964
Charles Claxton,1127
Nic Claxton,1629651
Speedy Claxton,2049
Jim Cleamons,76402
Mateen Cleaves,2043
John Clemens,76403
Chris Clemons,1629598
Antonius Cleveland,1628499
Nat Clifton,76404
Bill Closs,76406
Keith Closs,1569
Paul Cloyd,76407
Marion Cluggish,76408
Ben Clyde,76409
Amir Coffey,1629599
Richard Coffey,76410
Fred Cofield,76411
John Coker,715
Norris Cole,202708
Ben Coleman,76412
Derrick Coleman,934
E.C. Coleman,76413
Jack Coleman,76414
Norris Coleman,76415
Bimbo Coles,902
Jason Collier,2044
Art Collins,76416
Don Collins,76418
Doug Collins,76421
James Collins,1530
Jarron Collins,2260
Jason Collins,2215
Jimmy Collins,76419
John Collins,1628381
Mardy Collins,200776
Sherron Collins,202395
Zach Collins,1628380
Kyle Collinsworth,1627858
Darren Collison,201954
Nick Collison,2555
Joe Colone,76422
Bonzie Colson,1629045
Sean Colson,2173
Steve Colter,306
Leroy Combs,76425
Dallas Comegys,76426
Larry Comley,76427
Gene Conley,76428
Mike Conley,201144
Ed Conlin,76429
Marty Conlon,55
Pat Connaughton,1626192
Lester Conner,76431
Chuck Connors,76432
Will Conroy,101215
Anthony Cook,76433
Bert Cook,76434
Bobby Cook,76438
Brian Cook,2567
Daequan Cook,201161
Darwin Cook,76435
Jeff Cook,76436
Norm Cook,76437
Omar Cook,2241
Quinn Cook,1626188
Tyler Cook,1629076
Charles Cooke,1628429
David Cooke,76439
Joe Cooke,76440
Jack Cooley,204022
Chuck Cooper,76442
Duane Cooper,1030
Joe Cooper,76443
Michael Cooper,76444
Sharife Cooper,1630536
Wayne Cooper,76441
Tom Copa,76446
Chris Copeland,203142
Hollis Copeland,76447
Lanard Copeland,76448
Tyrone Corbin,895
Chris Corchiani,76450
Ken Corley,76451
Ray Corley,76452
Petr Cornelie,1627822
Dave Corzine,76453
Larry Costello,76454
Matt Costello,1627856
Bryce Cotton,203955
Jack Cotton,76456
James Cotton,1526
John Coughran,76457
Mel Counts,76458
Steve Courtin,76459
Joe Courtney,1432
Marcus Cousin,202408
DeMarcus Cousins,202326
Bob Cousy,600003
Robert Covington,203496
Dave Cowens,76462
John Cox,76463
Johnny Cox,76464
Wesley Cox,76465
Allen Crabbe,203459
Torrey Craig,1628470
Chris Crawford,1544
Freddie Crawford,76466
Jamal Crawford,2037
Joe Crawford,201621
Jordan Crawford,202348
Mitchell Creek,1628249
Jim Creighton,76468
Ron Crevier,76469
Hal Crisler,76470
Joe Crispin,2343
Charlie Criss,76471
Winston Crite,76472
Javaris Crittenton,201159
Dillard Crocker,76473
Jeffrey Crompton,76474
Terry Crosby,76475
Austin Croshere,1506
Jeff Cross,76476
Pete Cross,76477
Russell Cross,76478
Francis Crossin,76479
John Crotty,180
Mark Crow,76481
Corey Crowder,76482
Jae Crowder,203109
Jarrett Culver,1629633
Jarron Cumberland,1629600
Pat Cummings,76483
Terry Cummings,187
Vonteego Cummings,1907
Billy Cunningham,76487
Cade Cunningham,1630595
Dante Cunningham,201967
Dick Cunningham,76485
Jared Cunningham,203099
William Cunningham,1061
Radisav Curcic,76488
Armand Cure,76489
Earl Cureton,940
Bill Curley,223
Fran Curran,76492
Dell Curry,209
Eddy Curry,2201
JamesOn Curry,201191
Michael Curry,688
Seth Curry,203552
Stephen Curry,201939
Rastko Cvetkovic,687
Mike D'Antoni,76505
Ed Dahler,76496
Quintin Dailey,76497
Samuel Dalembert,2223
Howie Dallmar,76498
Erick Dampier,956
Lou Dampier,76499
Bob Dandridge,76500
Antonio Daniels,1498
Dyson Daniels,1630700
Erik Daniels,2845
Lloyd Daniels,1380
Marquis Daniels,2605
Mel Daniels,76502
Troy Daniels,203584
Sasha Danilovic,390
Adrian Dantley,76504
Henry Darcey,76506
Jimmy Darden,76507
Yinka Dare,212
Jesse Dark,76509
Nate Darling,1630268
Jimmy Darrow,76511
Gigi Datome,203540
Brad Daugherty,921
Kornel David,1600
Jermareo Davidson,201176
Bob Davies,76514
Brandon Davies,203561
Anthony Davis,203076
Antonio Davis,213
Aubrey Davis,76515
Baron Davis,1884
Ben Davis,989
Bill Davis,76538
Bob Davis,76533
Brad Davis,76516
Brian Davis,76517
Charlie Davis,76518
Charlie Davis,76519
Dale Davis,905
Deyonta Davis,1627738
Double D Davis,76521
Ed Davis,202334
Edward Davis,76522
Emanual Davis,1023
Glen Davis,201175
Harry Davis,76523
Hubert Davis,93
James Davis,76524
Jim Davis,76525
Johnny Davis,76526
Johnny Davis,1631098
Josh Davis,2668
Mark Davis,707
Mark Davis,76528
Mel Davis,76529
Michael Davis,76530
Mike Davis,76531
Monti Davis,76520
Paul Davis,200781
Ralph Davis,76532
Ricky Davis,1729
Ron Davis,76534
Terence Davis,1629056
Terry Davis,426
Tyler Davis,1629093
Walt Davis,76536
Walter Davis,1453
JD Davison,1631120
Andre Dawkins,203958
Darryl Dawkins,76539
Johnny Dawkins,1008
Paul Dawkins,76541
Branden Dawson,1626183
Eric Dawson,201286
Tony Dawson,76542
Todd Day,103
Austin Daye,201948
Darren Daye,76543
Darius Days,1630620
Nando De Colo,201986
Dave DeBusschere,76545
Andrew DeClercq,692
Javin DeLaurier,1629602
Nate DeLong,76551
DeMar DeRozan,201942
Hank DeZonie,76562
Greg Deane,76544
Gabriel Deck,1630466
Dewayne Dedmon,203473
Archie Dees,76546
Terry Dehere,143
Red Dehnert,76548
Bryce Dejean-Jones,1626214
Sam Dekker,1626155
Vinny Del Negro,219
Malcolm Delaney,1627098
Bison Dele,183
Carlos Delfino,2568
Angel Delgado,1629116
Tony Delk,960
Matthew Dellavedova,203521
Fennis Dembo,76552
Larry Demic,76553
Dell Demps,725
George Dempsey,76555
Luol Deng,2736
Kenny Dennard,76556
Blaine Denning,76557
Justin Dentmon,202458
Randy Denton,76558
Rod Derline,76559
Marcus Derrickson,1629094
Dave Deutsch,76560
Walter Devlin,76561
Ernie DiGregorio,76568
Donte DiVincenzo,1628978
Moussa Diabate,1631217
Mamadi Diakite,1629603
Derrick Dial,1760
Cheick Diallo,1627767
Hamidou Diallo,1628977
Boris Diaw,2564
Yakhouba Diawara,200821
Guillermo Diaz,200799
Dan Dickau,2424
Kaniel Dickens,2079
Henry Dickerson,76563
Michael Dickerson,1722
Derrek Dickey,76564
Dick Dickey,76565
Travis Diener,101143
Gorgui Dieng,203476
Ousmane Dieng,1631172
Connie Dierking,76566
Coby Dietrick,76567
Mickey Dillard,76569
Bob Dille,76570
John Dillon,76571
Byron Dinkins,76574
Jackie Dinkins,76575
Bill Dinwiddie,76576
Spencer Dinwiddie,203915
Ike Diogu,101113
DeSagana Diop,2205
Terry Dischinger,76577
Fred Diute,76578
Vlade Divac,124
Juan Dixon,2413
Aleksandar Djordjevic,1059
Earl Dodd,76580
Michael Doleac,1720
Joe Dolhon,76581
Bob Doll,76582
James Donaldson,76583
Luka Doncic,1629029
Bob Donham,76584
Billy Donovan,76586
Harry Donovan,76585
Keyon Dooling,2039
Jacky Dorsey,76587
Joey Dorsey,201595
Tyler Dorsey,1628416
Luguentz Dort,1629652
Ayo Dosunmu,1630245
Damyean Dotson,1628422
Devon Dotson,1629653
Quincy Douby,200763
Bruce Douglas,76588
John Douglas,76589
Leon Douglas,76590
Sherman Douglas,428
Toney Douglas,201962
Chris Douglas-Roberts,201604
Sekou Doumbouya,1629635
Lloyd Dove,76592
Zabian Dowdell,202220
Bill Downey,76593
Steve Downing,76594
Jeff Dowtin,1630288
Danny Doyle,76595
Milton Doyle,1628495
P.J. Dozier,1628408
Terry Dozier,76596
Goran Dragic,201609
Zoran Dragic,204054
Greg Dreiling,1068
Bryce Drew,1724
John Drew,76598
Larry Drew,76599
Larry Drew II,203580
Clyde Drexler,17
Nate Driggers,1041
Terry Driscoll,76603
Predrag Drobnjak,1542
Ralph Drollinger,76604
Andre Drummond,203083
Dennis DuVal,76623
Chris Duarte,1630537
Dick Duckett,76605
Kevin Duckworth,404
Charles Dudley,76607
Chris Dudley,201
Jared Dudley,201162
Terry Duerod,76608
Bob Duffy,76609
Bob Duffy,76610
Chris Duhon,2768
Duje Dukan,1626251
David Duke Jr.,1630561
Walter Dukes,76611
Joe Dumars,247
Richard Dumas,30
Tony Dumas,434
Andy Duncan,76615
Tim Duncan,1495
Mike Dunleavy,2399
Mike Dunleavy,76616
Kris Dunn,1627739
Pat Dunn,76617
T.R. Dunn,76618
Ronald Dupree,2648
Kevin Durant,201142
Jalen Duren,1631105
John Duren,76619
Pat Durham,1090
Devin Durrant,76621
Ken Durrett,76622
Trevon Duval,1628979
Jack Dwan,76624
Craig Dykema,76625
Gene Dyker,76626
Jerome Dyson,202406
Ledell Eackles,289
Jim Eakins,76628
Acie Earl,768
Ed Earle,76630
Cleanthony Early,203921
Tari Eason,1631106
Mark Eaton,76631
Jerry Eaves,76632
Devin Ebanks,202365
Bill Ebben,76633
Al Eberhard,76634
Ndudi Ebi,2569
Jaime Echenique,1630693
Jarell Eddie,204067
Patrick Eddie,76635
Thomas Eddleman,76636
Kent Edelin,76637
Keith Edmonson,76638
Tyus Edney,721
Anthony Edwards,1630162
Bill Edwards,76646
Blue Edwards,898
Carsen Edwards,1629035
Corsley Edwards,2451
Doug Edwards,346
Franklin Edwards,76641
James Edwards,229
Jay Edwards,76643
John Edwards,2823
Kessler Edwards,1630556
Kevin Edwards,236
Rob Edwards,1630306
Shane Edwards,202197
Vincent Edwards,1629053
Johnny Egan,76647
Lonnie Eggleston,76648
Eddie Ehlers,76649
Craig Ehlo,378
Dick Eichhorst,76651
Howard Eisley,458
Obinna Ekezie,1918
Khalid El-Amin,2064
Don Eliason,76653
Mario Elie,53
CJ Elleby,1629604
Ray Ellefson,76655
Henry Ellenson,1627740
Wayne Ellington,201961
Bob Elliott,76656
Sean Elliott,251
Alexander Ellis,76658
Bo Ellis,76664
Dale Ellis,107
Harold Ellis,1677
Joe Ellis,76661
Keon Ellis,1631165
LaPhonso Ellis,111
LeRon Ellis,1034
Leroy Ellis,76663
Monta Ellis,101145
Pervis Ellison,442
Len Elmore,600010
Francisco Elson,1922
Darrell Elston,76667
Melvin Ely,2408
Joel Embiid,203954
Wayne Embry,76668
Andre Emmett,2765
Ned Endress,76669
Chris Engler,76670
Wayne Englestad,76671
A.J. English,76672
Alex English,76673
Claude English,76674
Jojo English,76676
Kim English,203119
Scott English,76675
Gene Englund,76677
Tyler Ennis,203898
James Ennis III,203516
Ray Epps,76678
Semih Erden,201623
Bo Erias,76679
Keith Erickson,76680
Julius Erving,76681
Evan Eschmeyer,1915
Jack Eskridge,76682
Vincenzo Esposito,76683
Drew Eubanks,1629234
Bob Evans,76687
Brian Evans,967
Earl Evans,76685
Jacob Evans,1628980
Jawun Evans,1628393
Jeremy Evans,202379
Maurice Evans,2230
Mike Evans,76686
Reggie Evans,2501
Tyreke Evans,201936
Daniel Ewing,101137
Patrick Ewing,121
Patrick Ewing,201607
Dante Exum,203957
Christian Eyenga,201963
Festus Ezeli,203105
Johnny Ezersky,76689
Joe Fabel,76690
John Fairchild,76691
Tacko Fall,1629605
Phil Farbman,76692
Kenneth Faried,202702
Dick Farley,76693
Jordan Farmar,200770
Desmon Farmer,2824
Jim Farmer,76695
Mike Farmer,76694
Tony Farmer,1108
Bob Faught,76696
Vitor Faverani,203543
Derrick Favors,202324
Nick Fazekas,201174
Dave Fedor,76697
Bob Feerick,76698
Butch Feher,76699
Jamie Feick,994
Ron Feiereisel,76701
George Feigenbaum,76702
Dave Feitl,76703
Kay Felder,1627770
Cristiano Felicio,1626245
Carrick Felix,203467
Noel Felix,101230
Ray Felix,76704
Raymond Felton,101109
Jake Fendley,76705
Bill Fenley,76706
Desmond Ferguson,2724
Terrance Ferguson,1628390
Rudy Fernandez,201164
Bruno Fernando,1628981
Eric Fernsten,76707
Al Ferrari,76708
Rolando Ferreira,76709
Duane Ferrell,273
Yogi Ferrell,1627812
Arnie Ferrin,76711
Bob Ferry,76712
Danny Ferry,198
Kyrylo Fesenko,201178
Kenny Fields,76713
Landry Fields,202361
Ron Filipek,76714
Greg Fillmore,76715
Hank Finkel,76716
Michael Finley,714
Danny Finn,76717
Dorian Finney-Smith,1627827
Matt Fish,900
Derek Fisher,965
Gerald Fitch,2809
Malik Fitts,1630238
Bob Fitzgerald,76720
Dick Fitzgerald,76719
Marcus Fizer,2033
Jerry Fleishman,76721
Al Fleming,76722
Ed Fleming,76723
Vern Fleming,313
Luis Flores,2784
Bruce Flowers,76725
Sleepy Floyd,76726
Jonny Flynn,201938
Malachi Flynn,1630201
Mike Flynn,76727
Larry Fogle,76728
Jack Foley,76729
Ike Fontaine,1829
Levi Fontaine,76731
Simone Fontecchio,1631323
Jeff Foote,202880
Bryn Forbes,1627854
Gary Forbes,201814
Aleem Ford,1630758
Alphonso Ford,76732
Alton Ford,2228
Chris Ford,76733
Don Ford,76734
Jake Ford,76735
Phil Ford,76736
Sharrod Ford,101213
Sherell Ford,726
T.J. Ford,2551
Donnie Forman,76738
Bayard Forrest,76739
Trent Forrest,1630235
Joseph Forte,2218
Courtney Fortson,202622
Danny Fortson,1504
Fred Foster,76740
Greg Foster,323
Jeff Foster,1902
Rod Foster,76742
Michael Foster Jr.,1630701
Antonis Fotsis,2238
Evan Fournier,203095
Larry Foust,76744
Jerry Fowler,76745
Tremaine Fowlkes,1762
De'Aaron Fox,1628368
Harold Fox,76746
Jim Fox,76747
Rick Fox,296
Randy Foye,200751
Adonal Foyle,1502
Richie Frahm,2499
Steve Francis,1883
Tellis Frank,76748
Nat Frankel,76749
Jamaal Franklin,203479
Robert Franks,1629606
Tim Frazier,204025
Walt Frazier,76750
Will Frazier,76751
Michael Frazier II,1626187
Melvin Frazier Jr.,1628982
Anthony Frederick,76752
Jimmer Fredette,202690
World Free,76753
Enes Freedom,202683
Joel Freeland,200777
Donnie Freeman,76754
Gary Freeman,76755
Rod Freeman,76756
Matt Freije,2782
Frido Frey,76757
Larry Friend,76758
Pat Frink,76759
Jim Fritsche,76760
Channing Frye,101112
Bernie Fryer,76761
Frank Fucarino,76762
Herm Fuetsch,76763
Joe Fulks,76764
Hiram Fuller,2673
Todd Fuller,957
Tony Fuller,76765
Markelle Fultz,1628365
Lawrence Funderburke,1444
Terry Furlow,76767
Billy Gabor,76768
Wenyen Gabriel,1629117
Dan Gadzuric,2429
Tony Gaffney,202070
Daniel Gafford,1629655
Deng Gai,101184
Elmer R. Gainer,76769
Corey Gaines,76770
Reece Gaines,2558
Sundiata Gaines,202178
Mike Gale,76771
Chad Gallagher,76772
Harry Gallatin,76773
Danilo Gallinari,201568
Langston Galloway,204038
Dave Gambee,76774
Kevin Gamble,333
Bob Gantt,76776
Jorge Garbajosa,200816
Ruben Garces,2092
Alex Garcia,2682
Francisco Garcia,101128
Earl Gardner,76778
Thomas Gardner,201242
Vern Gardner,76779
Jack Garfinkel,76780
Patricio Garino,1627868
Darius Garland,1629636
Gary Garland,76781
Winston Garland,76782
Dick Garmaker,76783
Chris Garner,1612
Bill Garnett,76785
Kevin Garnett,708
Marlon Garnett,1831
Billy Garrett,1628656
Calvin Garrett,76786
Dean Garrett,1051
Diante Garrett,203197
Eldo Garrett,76788
Marcus Garrett,1630585
Rowland Garrett,76789
Tom Garrick,76790
John Garris,76791
Kiwane Garris,1619
Pat Garrity,1727
Usman Garuba,1630586
Jim Garvin,76793
Luka Garza,1630568
Marc Gasol,201188
Pau Gasol,2200
Frank Gates,76794
Chris Gatling,423
Kenny Gattison,930
Rudy Gay,200752
Ed Gayda,76797
Andrew Gaze,1845
Michael Gbinije,1627771
Reggie Geary,1002
Alonzo Gee,202087
Matt Geiger,761
Mickael Gelabale,101153
Devean George,1904
Jack George,76800
Paul George,202331
Tate George,76801
Marcus Georges-Hunt,1627875
Gus Gerard,76802
Derrick Gervin,76803
George Gervin,76804
Gorham Getchell,76805
John Gianelli,76806
Dick Gibbs,76807
Daniel Gibson,200789
Dee Gibson,76808
Jonathan Gibson,1626780
Mel Gibson,76809
Mike Gibson,76810
Taj Gibson,201959
Ward Gibson,76811
J.R. Giddens,201592
Josh Giddey,1630581
Trey Gilder,201821
Harry Giles III,1628385
Shai Gilgeous-Alexander,1628983
Anthony Gill,1630264
Eddie Gill,2109
Kendall Gill,383
Ben Gillery,76812
Collin Gillespie,1631221
Freddie Gillespie,1630273
Gene Gillette,76813
Armen Gilliam,288
Herm Gilliam,76815
Artis Gilmore,600014
Walt Gilmore,76817
Chuck Gilmur,76818
Manu Ginobili,1938
Gordan Giricek,1921
Jack Givens,76819
Mickell Gladness,202148
George Glamack,76820
Gerald Glass,76821
Mike Glenn,76822
Norman Glick,76823
Georgi Glouchkov,76824
Clarence Glover,76825
Dion Glover,1901
Andreas Glyniadakis,2601
Mike Gminski,76826
Rudy Gobert,203497
Dan Godfread,76827
Tom Gola,76828
Ben Goldfaden,76829
Anthony Goldwire,924
Ryan Gomes,101155
Glen Gondrezick,76830
Grant Gondrezick,76831
Drew Gooden,2400
Gail Goodrich,76832
Steve Goodrich,1864
Archie Goodwin,203462
Brandon Goodwin,1629164
Jordan Goodwin,1630692
Wilfred Goodwin,76833
Aaron Gordon,203932
Ben Gordon,2732
Drew Gordon,204079
Eric Gordon,201569
Lancaster Gordon,76834
Paul Gordon,76835
Marcin Gortat,101162
Leo Gottlieb,76836
Andrew Goudelock,202726
Bato Govedarica,76837
Joe Graboski,76838
Ricky Grace,76839
Devonte' Graham,1628984
Greg Graham,37
Joey Graham,101121
Mal Graham,76843
Orlando Graham,76841
Paul Graham,76842
Stephen Graham,101211
Treveon Graham,1626203
Jim Grandholm,76844
Ronnie Grandison,97
Danny Granger,101122
Stewart Granger,76847
Brian Grant,258
Bud Grant,76850
Gary Grant,202
Greg Grant,285
Harvey Grant,265
Horace Grant,270
Jerami Grant,203924
Jerian Grant,1626170
Josh Grant,76852
Paul Grant,1514
Travis Grant,76853
Donte Grantham,1629055
Don Grate,76854
Butch Graves,76855
Hassani Gravett,1629755
Aaron Gray,201189
Devin Gray,1070
Ed Gray,1516
Evric Gray,1026
Gary Gray,76859
Josh Gray,1627982
Leonard Gray,76860
Stuart Gray,76861
Sylvester Gray,76862
Wyndol Gray,76863
Jeff Grayer,81
Bob Greacen,76865
A.C. Green,920
A.J. Green,1631260
Danny Green,201980
Devin Green,101209
Draymond Green,203110
Erick Green,203475
Gerald Green,101123
JaMychal Green,203210
Jalen Green,1630224
Javonte Green,1629750
Jeff Green,201145
Johnny Green,76867
Josh Green,1630182
Ken Green,76868
Kenny Green,76869
Lamar Green,600011
Litterial Green,1036
Luther Green,76872
Mike Green,76873
Rickey Green,76874
Sean Green,76875
Si Green,76877
Sidney Green,76876
Steve Green,76878
Taurean Green,201192
Tommy Green,76879
Willie Green,2584
Donte Greene,201590
Orien Greene,101158
Jerry Greenspan,76880
David Greenwood,76881
Hal Greer,76882
Lynn Greer,2696
Gary Gregor,76883
Claude Gregory,76884
John Greig,76885
Norm Grekin,76886
Kevin Grevey,76887
AJ Griffin,1631100
Adrian Griffin,1559
Blake Griffin,201933
Eddie Griffin,2204
Greg Griffin,76888
Paul Griffin,76889
Taylor Griffin,201981
Darrell Griffith,76890
Chuck Grigsby,76891
Quentin Grimes,1629656
Derek Grimm,1575
George Grimshaw,76893
Dick Groat,76894
Bob Gross,76895
Jerry Grote,76896
Alex Groza,76897
Anthony Grundy,101219
Ernie Grunfeld,76899
Gene Guarilia,76900
Petur Gudmundsson,76901
Marko Guduric,1629741
Richie Guerin,76902
Tom Gugliotta,339
Andres Guibert,76903
Jay Guidinger,76904
Coulby Gunther,76905
Dave Gunther,76906
Al Guokas,76907
Matt Guokas,76908
Matt Guokas,76909
Jorge Gutierrez,203268
Kyle Guy,1629657
A.J. Guyton,2062
Seung-Jin Ha,2775
Rui Hachimura,1629060
Rudy Hackett,76910
Hamed Haddadi,201632
Scott Haffner,76911
Cliff Hagan,76912
Glenn Hagan,76913
Ashton Hagans,1630204
Bob Hahn,76914
Al Hairston,76915
Happy Hairston,76916
Lindsay Hairston,76917
Malik Hairston,201612
PJ Hairston,203798
Marcus Haislip,2409
Chuck Halbert,76918
Harvey Halbrook,76919
Bruce Hale,76920
Jack Haley,917
Tyrese Haliburton,1630169
Shaler Halimon,76922
Devon Hall,1628985
Donta Hall,1629743
Jordan Hall,1631160
Josh Hall,1630221
Mike Hall,200837
Tyler Hall,1629788
Jeff Halliburton,76923
Darvin Ham,1032
Steve Hamer,984
Dale Hamilton,76925
Daniel Hamilton,1627772
Dennis Hamilton,76926
Jordan Hamilton,202706
Justin Hamilton,203120
Ralph Hamilton,76927
Richard Hamilton,1888
Roylee Hamilton,76928
Steve Hamilton,76929
Tang Hamilton,2347
Thomas Hamilton,676
Zendon Hamilton,1985
Geert Hammink,903
Tom Hammonds,67
AJ Hammons,1627773
R.J. Hampton,1630181
Darrin Hancock,241
Ben Handlogten,1052
Cecil Hankins,76935
Phil Hankinson,76936
Dusty Hannahs,1628605
Alex Hannum,76937
Don Hanrahan,76938
Rollen Hans,76939
Ben Hansbrough,203162
Tyler Hansbrough,201946
Bob Hansen,76942
Glenn Hansen,76940
Lars Hansen,76941
Travis Hansen,2580
Reggie Hanson,1682
Bill Hanzlik,76944
Luke Harangody,202376
Anfernee Hardaway,358
Tim Hardaway,896
Tim Hardaway Jr.,203501
James Harden,201935
Reggie Harding,76945
Charlie Hardnett,76946
Alan Hardy,76947
Jaden Hardy,1630702
James Hardy,76948
John Hargis,76949
Maurice Harkless,203090
Jerry Harkness,76950
Skip Harlicka,76951
Jerome Harmon,76952
Derek Harper,157
Jared Harper,1629607
Justin Harper,202712
Mike Harper,76954
Ron Harper,166
Ron Harper Jr.,1631199
Matt Harpring,1723
Montrezl Harrell,1626149
Josh Harrellson,202725
Adam Harrington,2492
Al Harrington,1733
Junior Harrington,2454
Othella Harrington,970
Art Harris,76956
Bernie Harris,76957
Bob Harris,76959
Chris Harris,76958
Devin Harris,2734
Elias Harris,203548
Gary Harris,203914
Jalen Harris,1630223
Joe Harris,203925
Kevon Harris,1630284
Lucious Harris,446
Manny Harris,202412
Mike Harris,200839
Steve Harris,76960
Terrel Harris,202227
Tobias Harris,202699
Tony Harris,76961
Aaron Harrison,1626151
Andrew Harrison,1626150
Bob Harrison,76962
David Harrison,2758
Shaquille Harrison,1627885
Jason Hart,2078
Josh Hart,1628404
Isaiah Hartenstein,1628392
Antonio Harvey,176
Donnell Harvey,2051
Kenny Hasbrouck,202238
Scott Haskin,321
Clem Haskins,76965
Udonis Haslem,2617
Trenton Hassell,2239
Billy Hassett,76967
Joey Hassett,76966
Scott Hastings,76968
Kirk Haston,2213
Vern Hatton,76969
Sam Hauser,1630573
John Havlicek,76970
Spencer Hawes,201150
Steve Hawes,76971
Connie Hawkins,76972
Hersey Hawkins,765
Juaquin Hawkins,1038
Marshall Hawkins,76974
Michael Hawkins,1138
Robert Hawkins,76975
Tom Hawkins,76977
Nate Hawthorne,76978
Chuck Hayes,101236
Elvin Hayes,76979
Jarvis Hayes,2553
Jaxson Hayes,1629637
Killian Hayes,1630165
Nigel Hayes,1628502
Steve Hayes,76980
Gordon Hayward,202330
Lazar Hayward,202351
Brendan Haywood,2217
Spencer Haywood,76981
John W. Hazen,76982
Walt Hazzard,76983
Luther Head,101129
Shane Heal,1049
Brian Heaney,76984
Garfield Heard,76985
Reggie Hearn,203687
Herm Hedderick,76986
Alvin Heggs,76987
Tom Heinsohn,76988
Dick Hemric,76989
Alan Henderson,673
Cedric Henderson,1538
Cedric Henderson,76990
Dave Henderson,76991
Gerald Henderson,76993
Gerald Henderson,201945
J.R. Henderson,1764
Jerome Henderson,76992
Kevin Henderson,76994
Tom Henderson,76996
Mark Hendrickson,971
Larry Hennessy,76998
Don Henriksen,76999
Aaron Henry,1630565
Al Henry,77000
Bill Henry,77004
Carl Henry,77001
Conner Henry,77002
Myke Henry,1627988
Skeeter Henry,77003
Xavier Henry,202333
John Henson,203089
Steve Henson,1667
Bill Herman,77006
Clarence Hermsen,77007
Dewan Hernandez,1629608
Juancho Hernangomez,1627823
Willy Hernangomez,1626195
Chris Herren,1914
Carl Herrera,61
Walter Herrmann,200835
Tyler Herro,1629639
Keith Herron,77010
Sidney Hertzberg,77011
Kevin Hervey,1628987
Fred Hetzel,77012
Bill Hewitt,77013
Jack Hewson,77014
Art Heyman,77015
Mario Hezonja,1626209
Roy Hibbert,201579
Matthew Hickey,77016
Isaiah Hicks,1628439
Phil Hicks,77017
JJ Hickson,201581
Buddy Hield,1627741
Cory Higgins,202809
Mike Higgins,1848
Rod Higgins,77019
Sean Higgins,925
Kenny Higgs,77021
Johnny High,77022
Haywood Highsmith,1629312
Wayne Hightower,77023
Nene,2403
Armond Hill,77024
Cleo Hill,77025
Gary Hill,77026
George Hill,201588
Grant Hill,255
Herbert Hill,201195
Jordan Hill,201941
Malcolm Hill,1630792
Solomon Hill,203524
Steven Hill,201631
Tyrone Hill,238
Art Hillhouse,77027
Darrun Hilliard,1626199
Darnell Hillman,77028
Fred Hilton,77029
Kirk Hinrich,2550
Roy Hinson,77030
Nate Hinton,1630207
Mel Hirsch,77031
Lew Hitch,77032
Robert Hite,200823
Jaylen Hoard,1629658
Darington Hobson,202359
Donald Hodge,1106
Julius Hodge,101125
Craig Hodges,77034
Adolph Hoefer,77035
"Bear, The Body Hoffman",77036
Bob Hogsett,77037
Paul Hogue,77038
Fred Hoiberg,697
Doug Holcomb,77039
Randy Holcomb,2450
Aaron Holiday,1628988
Jrue Holiday,201950
Justin Holiday,203200
Brad Holland,77040
Joe Holland,77041
John Holland,204066
Wilbur Holland,77042
Lionel Hollins,77043
Ryan Hollins,200797
Essie Hollis,77044
Rondae Hollis-Jefferson,1626178
Richaun Holmes,1626158
Chet Holmgren,1631096
Jim Holstein,77045
Alvin Holt,77046
Michael Holton,77047
Dick Holub,77048
Joe Holup,77049
Red Holzman,77050
Caleb Homesley,1630258
Jerald Honeycutt,1532
Tyler Honeycutt,202715
Derek Hood,1967
Rodney Hood,203918
Tom Hoover,77051
Bob Hopkins,77052
Dave Hoppen,77053
Dennis Hopson,77054
Scotty Hopson,203816
Johnny Horan,77055
Cedrick Hordges,77056
Al Horford,201143
Tito Horford,77057
Ron Horn,77058
Jeff Hornacek,204
Dennis Horner,202862
Robert Horry,109
Ed Horton,77060
Talen Horton-Tucker,1629659
Wilmer Hosket,77061
Bob Houbregs,77062
Eddie House,2067
Danuel House Jr.,1627863
Caleb Houstan,1631216
Allan Houston,275
Byron Houston,780
Tom Hovasse,77064
Brian Howard,77065
Dwight Howard,2730
Greg Howard,77066
Josh Howard,2572
Juwan Howard,436
Markus Howard,1630210
Mo Howard,77067
Otis Howard,77069
Stephen Howard,1128
William Howard,1629739
Bailey Howell,77070
Bob Hubbard,77072
Phil Hubbard,77071
Trevor Hudgins,1631309
Lester Hudson,201991
Lou Hudson,77074
Troy Hudson,1607
Marcelo Huertas,1626273
Kevin Huerter,1628989
Josh Huestis,203962
Jay Huff,1630643
Nate Huffman,1572
Alfredrick Hughes,77076
Eddie Hughes,77077
Elijah Hughes,1630190
Kim Hughes,77078
Larry Hughes,1716
Rick Hughes,1965
Robbie Hummel,203133
John Hummer,77080
Ryan Humphrey,2415
Isaac Humphries,1629353
Jay Humphries,77081
Kris Humphries,2743
Rod Hundley,77082
Feron Hunt,1630624
Brandon Hunter,2599
Cedric Hunter,77083
Chris Hunter,201805
De'Andre Hunter,1629631
Les Hunter,77084
Lindsey Hunter,283
Othello Hunter,201629
RJ Hunter,1626154
Steven Hunter,2212
Vincent Hunter,1626205
Bobby Hurley,310
Roy Hurley,77086
Geoff Huston,77087
Paul Huston,77088
Mel Hutchins,77089
Chandler Hutchison,1628990
Joe Hutton,77090
Greg Hyder,77091
Bones Hyland,1630538
Marc Iavaroni,77092
Serge Ibaka,201586
Andre Iguodala,2738
Zydrunas Ilgauskas,980
Mile Ilic,101148
Ersan Ilyasova,101141
Darrall Imhoff,77093
Tom Ingelsby,77094
Joe Ingles,204060
Damien Inglis,203996
Andre Ingram,201281
Brandon Ingram,1627742
Joel Ingram,77095
Byron Irvin,77096
Kyrie Irving,202681
Jonathan Isaac,1628371
Dan Issel,77097
Mike Iuzzolino,77098
Allen Iverson,947
Jaden Ivey,1631093
Royal Ivey,2767
Wes Iwundu,1628411
Jarrett Jack,101127
Aaron Jackson,1628935
Al Jackson,77099
Bobby Jackson,1517
Cedric Jackson,202132
Darnell Jackson,201616
Demetrius Jackson,1627743
Frank Jackson,1628402
Greg Jackson,77101
Isaiah Jackson,1630543
Jaren Jackson,1114
Jermaine Jackson,1983
Jim Jackson,754
Josh Jackson,1628367
Justin Jackson,1628382
Lucious Jackson,77103
Luke Jackson,2739
Marc Jackson,1531
Mark Jackson,349
Michael Jackson,77104
Myron Jackson,77105
Phil Jackson,77106
Pierre Jackson,203510
Ralph Jackson,77107
Randell Jackson,1872
Reggie Jackson,202704
Stanley Jackson,77109
Stephen Jackson,1536
Tony Jackson,77100
Tracy Jackson,77110
Wardell Jackson,77111
Jaren Jackson Jr.,1628991
Winfred Jacobs,77112
Casey Jacobsen,2418
Sam Jacobson,1734
Dave Jamerson,77114
Aaron James,77115
Bernard James,203108
Damion James,202345
Gene James,77116
Henry James,1080
Jerome James,1744
Justin James,1629713
LeBron James,2544
Mike James,2229
Mike James,1628455
Tim James,1906
Antawn Jamison,1712
Harold Jamison,1942
John Janisch,77120
Howie Janotta,77122
Marko Jaric,2060
Tony Jaros,77123
DeJon Jarreau,1630610
Sarunas Jasikevicius,101180
Nathan Jawai,201605
Buddy Jeannette,77125
Abdul Jeelani,77126
Chris Jefferies,2423
Othyus Jeffers,201785
Al Jefferson,2744
Amile Jefferson,1628518
Cory Jefferson,203928
Dontell Jefferson,200971
Richard Jefferson,2210
DaQuan Jeffries,1629610
Jared Jeffries,2407
Charles Jenkins,202724
Horace Jenkins,2798
John Jenkins,203098
Brandon Jennings,201943
Keith Jennings,24
Chris Jent,1137
Les Jepsen,77129
Jonas Jerebko,201973
Ty Jerome,1629660
Curtis Jerrells,201998
Grant Jerrett,203511
Pooh Jeter,200817
Isaiah Joe,1630198
Britton Johnsen,2639
Alexander Johnson,200792
Alize Johnson,1628993
Amir Johnson,101161
Andy Johnson,77131
Anthony Johnson,1533
Armon Johnson,202356
Arnie Johnson,77132
Avery Johnson,422
BJ Johnson,1629168
Brice Johnson,1627744
Buck Johnson,77130
Cameron Johnson,1629661
Carldell Johnson,201291
Charlie Johnson,77133
Chris Johnson,202419
Chris Johnson,203187
Clay Johnson,77135
Clemon Johnson,77136
Dakari Johnson,1626177
Darryl Johnson,683
Dave Johnson,77138
David Johnson,77139
David Johnson,1630525
DeMarco Johnson,1746
Dennis Johnson,77141
DerMarr Johnson,2035
Eddie Johnson,698
Eddie Johnson,77144
Eric Johnson,77145
Ervin Johnson,911
Frank Johnson,77146
George Johnson,77147
George Johnson,77148
George Johnson,77149
Gus Johnson,77150
Harold Johnson,77151
Ivan Johnson,201274
JaJuan Johnson,202707
Jalen Johnson,1630552
James Johnson,201949
Joe Johnson,2207
John Johnson,77152
Kannard Johnson,77153
Keldon Johnson,1629640
Ken Johnson,2256
Ken Johnson,77154
Keon Johnson,1630553
Kevin Johnson,134
Larry Johnson,913
Larry Johnson,77156
Lee Johnson,77158
Linton Johnson,2669
Lynbert Johnson,77159
Magic Johnson,77142
Marques Johnson,77160
Mickey Johnson,77168
Neil Johnson,77161
Nick Johnson,203910
Ollie Johnson,77162
Omari Johnson,204179
Orlando Johnson,203111
Reggie Johnson,77163
Rich Johnson,77164
Ron Johnson,77165
Stanley Johnson,1626169
Steffond Johnson,77166
Steve Johnson,77134
Trey Johnson,201234
Tyler Johnson,204020
Vinnie Johnson,77167
Wesley Johnson,202325
Darius Johnson-Odom,203130
Nate Johnston,77170
Neil Johnston,77169
Jim Johnstone,77171
Nikola Jokic,203999
Howie Jolliff,77172
Alvin Jones,2264
Anthony Jones,77173
Askia Jones,77174
Bill Jones,77180
Bobby Jones,77193
Bobby Jones,200784
Caldwell Jones,77175
Carlik Jones,1630637
Charles Jones,279
Charles Jones,77178
Charles R. Jones,1869
Dahntay Jones,2563
Damian Jones,1627745
Damon Jones,1800
DeQuan Jones,203199
Dominique Jones,202346
Dontae' Jones,963
Dwayne Jones,101204
Dwight Jones,77182
Earl Jones,77183
Eddie Jones,224
Edgar Jones,77184
Fred Jones,2410
Herbert Jones,1630529
Jake Jones,77185
Jalen Jones,1627883
James Jones,2592
Jemerrio Jones,1629203
Jimmy Jones,77186
Johnny Jones,77187
Jumaine Jones,1908
K.C. Jones,77188
Kai Jones,1630539
Kevin Jones,203158
Larry Jones,77200
Major Jones,77189
Mark Jones,2891
Mark Jones,90000
Mason Jones,1630222
Nick Jones,77195
Ozell Jones,77191
Popeye Jones,461
Rich Jones,77192
Robin Jones,77194
Sam Jones,77196
Shelton Jones,2652
Solomon Jones,200780
Steve Jones,77197
Terrence Jones,203093
Tre Jones,1630200
Tyus Jones,1626145
Wali Jones,77198
Wallace Jones,77199
Wil Jones,77201
Willie Jones,77202
Willie Jones,77203
Perry Jones III,203103
Derrick Jones Jr.,1627884
Adonis Jordan,1817
DeAndre Jordan,201599
Eddie Jordan,77205
Jerome Jordan,202366
Michael Jordan,893
Reggie Jordan,674
Thomas Jordan,77208
Walter Jordan,77209
Phil Jordon,77210
Johnny Jorgensen,77211
Noble Jorgensen,77212
Roger Jorgensen,77213
Cory Joseph,202709
Garth Joseph,2123
Kris Joseph,203126
Yvon Joseph,77214
Nikola Jovic,1631107
Jeff Judkins,77215
Johnny Juzang,1630548
Mfiondu Kabengele,1629662
Edwin Kachan,77217
George Kaftan,77218
Ed Kalafat,77219
Georgios Kalaitzakis,1630686
Chris Kaman,2549
Frank Kaminsky,1626163
Ralph Kaplowitz,77221
Jason Kapono,2574
Tony Kappen,77222
Sergey Karasev,203508
Coby Karl,201207
George Karl,77223
Ed Kasid,77225
Mario Kasun,2435
Leo Katkaveck,77226
Bob Kauffman,77227
Sasha Kaun,201619
Wilbert Kautz,77228
Clarence Kea,77229
Michael Kearns,77230
Tommy Kearns,77231
Adam Keefe,228
Harold Keeling,77233
Trevor Keels,1631211
Ken Keller,77234
Rich Kelley,77235
Clark Kellogg,77236
Gerard Kelly,77237
Ryan Kelly,203527
Tom Kelly,77238
Greg Kelser,77239
Ben Kelso,77240
Shawn Kemp,431
Tim Kempton,1118
Frank Kendrick,77242
Luke Kennard,1628379
D.J. Kennedy,202810
Eugene Kennedy,77243
Joe Kennedy,77244
William Kennedy,77245
Larry Kenon,77246
Bill Kenville,77247
Jonathan Kerner,1801
Johnny Kerr,77248
Steve Kerr,70
Jack Kerris,77249
Jerome Kersey,760
Alec Kessler,77251
Walker Kessler,1631117
Lari Ketner,1930
Braxton Key,1630296
Randolph Keys,705
Viktor Khryapa,2751
Jason Kidd,467
Stanton Kidd,1629742
Warren Kidd,77254
Michael Kidd-Gilchrist,203077
Irv Kiffin,77255
Jack Kiley,77256
Ernie Killum,77257
Carl Kilpatrick,77258
Sean Kilpatrick,203930
Toby Kimball,77259
Bo Kimble,77260
Stan Kimbrough,77261
Chad Kinch,77262
Albert King,77263
Bernard King,77264
Chris King,12
Dan King,77266
Frankie King,701
George King,77268
George King,1628994
Gerard King,1562
Jim King,77270
Jimmy King,728
Louis King,1629663
Maury King,77272
Reggie King,77273
Rich King,1101
Stacey King,351
Tom King,77276
Bob Kinney,77277
Tarence Kinsey,200814
Andrei Kirilenko,1905
Alex Kirk,203945
Walt Kirk,77278
Corey Kispert,1630557
Doug Kistler,77279
Curtis Kitchen,77280
Greg Kite,1123
Kerry Kittles,954
Maxi Kleber,1628467
Joe Kleine,170
Linas Kleiza,101132
Leo Klier,77283
Herm Klotz,77284
Duane Klueh,77285
Billy Knight,77290
Bob Knight,77287
Brandin Knight,2688
Brandon Knight,202688
Brevin Knight,1510
Nathan Knight,1630233
Negele Knight,1861
Ron Knight,77288
Toby Knight,77289
Travis Knight,969
Lee Knorek,77291
Dick Knostman,77292
Rod Knowles,77293
Kevin Knox II,1628995
Bart Kofoed,77294
Don Kojis,77295
Christian Koloko,1631132
Milo Komenich,77296
Howard Komives,77297
Jon Koncak,402
John Konchar,1629723
Bud Koper,77299
Joe Kopicki,77300
Furkan Korkmaz,1627788
Frank Kornet,77301
Luke Kornet,1628436
Yaroslav Korolev,101117
Kyle Korver,2594
Len Kosmalski,77302
Andy Kostecka,77303
Harold Kottman,77304
Kosta Koufos,201585
Tom Kozelko,77305
Arvid Kramer,77306
Barry Kramer,77307
Joel Kramer,77308
Dan Kraus,77309
Herb Krautblatt,77310
Viacheslav Kravtsov,203139
Jim Krebs,77311
Vit Krejci,1630249
Wayne Kreklow,77312
Tom Kron,77313
Tom Kropp,77314
Nenad Krstic,2420
Larry Krystkowiak,1474
Steve Kuberski,77316
Leo Kubiak,77317
Bruce Kuczenski,77318
Frank Kudelka,77319
John Kuester,77320
Ray Kuka,77322
Toni Kukoc,389
Arnoldas Kulboka,1629083
Jonathan Kuminga,1630228
Kevin Kunnert,77323
Mitch Kupchak,77324
Charles Kupec,77325
Rodions Kurucs,1629066
Rob Kurz,201633
Ibrahim Kutluay,2825
Kyle Kuzma,1628398
Ognjen Kuzmic,203136
Mindaugas Kuzminskas,1627851
Fred LaCour,77327
Raef LaFrentz,1711
Tom LaGarde,77328
Jake LaRavia,1631222
Rusty LaRue,1601
Rudy LaRusso,77340
Zach LaVine,203897
Skal Labissiere,1627746
Sam Lacey,77326
Christian Laettner,363
Oliver Lafayette,201802
Bill Laimbeer,100263
Pete Lalich,77329
Bo Lamar,77330
Anthony Lamb,1630237
Doron Lamb,203117
Jeremy Lamb,203087
John Lambert,77331
Jeff Lamp,77332
Maciej Lampe,2573
Jim Lampley,77333
Sean Lampley,2253
Jock Landale,1629111
Carl Landry,201171
Marcus Landry,202068
Mark Landsberger,77334
Jerome Lane,77335
Andrew Lang,457
Antonio Lang,226
James Lang,2591
Trajan Langdon,1892
Keith Langford,101247
Romeo Langford,1629641
Dan Langhi,2061
Bob Lanier,600005
Stu Lantz,77338
Nicolas Laprovittola,1627879
York Larese,77339
Shane Larkin,203499
John Laskowski,77341
Stephane Lasme,201186
Dave Lattin,77342
Priest Lauderdale,968
Rich Laurel,77344
Walt Lautenbach,77345
Joffrey Lauvergne,203530
Tony Lavelli,77346
Bob Lavoy,77347
Acie Law,201151
Vic Law,1629724
Gani Lawal,202371
Ed Lawrence,77348
Jason Lawson,1535
Ty Lawson,201951
Jake Layman,1627774
Dennis Layton,77350
Caris LeVert,1627747
T.J. Leaf,1628388
Emanuel Leaks,77351
Hal Lear,77352
Allen Leavell,77353
Jeff Lebo,77354
Eric Leckner,287
Jalen Lecque,1629665
Ricky Ledo,203495
Butch Lee,77356
Clyde Lee,77357
Courtney Lee,201584
Damion Lee,1627814
David Lee,101135
Doug Lee,77358
George Lee,77359
Greg Lee,77360
Keith Lee,77361
Kurk Lee,77362
Malcolm Lee,202723
Rock Lee,77363
Ron Lee,77364
Russell Lee,77365
Saben Lee,1630240
Ed Leede,77366
Hank Lefkowitz,77367
Tim Legler,100
George Lehmann,77369
Walt Lemon Jr.,1627215
Alex Len,203458
Voshon Lenard,702
Bob Leonard,77371
Gary Leonard,77370
Kawhi Leonard,202695
Meyers Leonard,203086
Jim Les,77372
Travis Leslie,202727
Ronnie Lester,77373
Clifford Lett,77374
Jon Leuer,202720
Andrew Levane,77375
Lafayette Lever,77376
Cliff Levingston,77377
Bobby Lewis,77385
Cedric Lewis,736
Fred Lewis,77379
Freddie Lewis,77380
Grady Lewis,77381
Martin Lewis,729
Quincy Lewis,1900
Ralph Lewis,77383
Rashard Lewis,1740
Reggie Lewis,77384
Scottie Lewis,1630575
Kira Lewis Jr.,1630184
Marcus Liberty,77386
Todd Lichti,77387
E.J. Liddell,1630604
DeAndre Liggins,202732
Bill Ligon,77388
Damian Lillard,203081
Jeremy Lin,202391
Steve Lingenfelter,77389
Alton Lister,175
Nassir Little,1629642
Isaiah Livers,1630587
Randy Livingston,988
Shaun Livingston,2733
Ron Livingstone,77392
Horacio Llamas,1024
Earl Lloyd,77394
Lewis Lloyd,77395
Scott Lloyd,77396
Bob Lochmueller,77397
Robert Lock,77398
Darrell Lockhart,77399
Ian Lockhart,1100
Kevin Loder,77401
Don Lofgran,77402
Zach Lofton,1629155
Kenneth Lofton Jr.,1631254
Johnny Logan,77403
Brad Lohaus,38
Art Long,1609
Grant Long,3
John Long,1381
Paul Long,77406
Shawn Long,1627848
Luc Longley,26
Kevon Looney,1626172
Brook Lopez,201572
Felipe Lopez,1732
Raul Lopez,2221
Robin Lopez,201577
Ryan Lorthridge,943
Jim Loscutoff,77409
Plummer Lott,77410
Kevin Loughery,77411
Didi Louzada,1629712
Bob Love,77412
Kevin Love,201567
Stan Love,77413
Clyde Lovellette,77414
Sidney Lowe,77415
Chuck Lowery,77416
Kyle Lowry,200768
Jordan Loyd,1628070
Al Lucas,77417
Jerry Lucas,77418
John Lucas,77419
Kalin Lucas,203564
Maurice Lucas,77420
John Lucas III,101249
Ted Luckenbill,77421
Tyronn Lue,1731
Jim Luisi,77422
Al Lujack,77423
Phil Lumpkin,77424
Ray Lumpp,77425
Gabriel Lundberg,1630994
Timothe Luwawu-Cabarrot,1627789
Tyler Lydon,1628399
Trey Lyles,1626168
George Lynch,248
Kevin Lynch,77426
Mike Lynn,77427
Sheldon Mac,1627815
Todd MacCulloch,1928
Ronnie MacGilvray,77430
Don MacLean,931
Mike Macaluso,77428
Ed Macauley,77429
Scott Machado,203159
Arvydas Macijauskas,101178
Ollie Mack,77432
Sam Mack,694
Shelvin Mack,202714
Malcolm Mackey,1635
Rudy Macklin,77435
Vernon Macklin,202731
Johnny Macknowski,77436
Daryl Macon,1629133
Mark Macon,1855
J.P. Macura,1629122
Kyle Macy,77438
Jack Maddox,77439
Tito Maddox,2432
Gerald Madkins,1666
Mark Madsen,2058
Norm Mager,77441
Josh Magette,203705
Corey Maggette,1894
Dave Magley,77442
Jamaal Magloire,2048
Will Magnay,1630266
Ian Mahinmi,101133
John Mahnken,77443
Francis Mahoney,77444
Rick Mahorn,328
Dan Majerle,105
Renaldo Major,200970
Thon Maker,1627748
Lionel Malamed,77447
Theo Maledon,1630177
Jeff Malone,117
Karl Malone,252
Moses Malone,77449
Matt Maloney,1074
Steve Malovic,77450
Sandro Mamukelashvili,1630572
Ted Manakas,77451
John Mandic,77452
Karim Mane,1630211
Frank Mangiapane,77453
Marcus Mann,986
Terance Mann,1629611
Tre Mann,1630544
Danny Manning,330
Ed Manning,77454
Richard Manning,316
Nico Mannion,1630185
Pace Mannion,77456
Nick Mantis,77457
Pete Maravich,77459
Peter Maravich,77458
Devyn Marble,203906
Roy Marble,77460
Stephon Marbury,950
Sarunas Marciulionis,36
Saul Mariaschin,77462
Jack Marin,77463
Shawn Marion,1890
Boban Marjanovic,1626246
Lauri Markkanen,1628374
Damir Markota,200806
Sean Marks,1752
Harvey Marlatt,77464
Eric Marsh,77465
Jim Marsh,77466
Donny Marshall,681
Donyell Marshall,923
Kendall Marshall,203088
Naji Marshall,1630230
Rawle Marshall,101185
Tom Marshall,77467
Vester Marshall,77468
Bill Martin,77481
Bob Martin,77478
Brian Martin,77469
Caleb Martin,1628997
Cartier Martin,201858
Cody Martin,1628998
Cuonzo Martin,733
Darrick Martin,239
Don Martin,77473
Donald Martin,77471
Fernando Martin,77472
Jarell Martin,1626185
Jeff Martin,77474
Jeremiah Martin,1629725
Kelan Martin,1629103
Kenyon Martin,2030
Kevin Martin,2755
Larue Martin,77475
Mo Martin,77476
Phil Martin,77477
Ronald Martin,77479
Slater Martin,77480
Tyrese Martin,1631213
Kenyon Martin Jr.,1630231
Jamal Mashburn,469
Al Masino,77482
Anthony Mason,193
Desmond Mason,2046
Frank Mason III,1628412
Roger Mason Jr.,2427
Tony Massenburg,763
Eddie Mast,77483
Yante Maten,1628999
Garrison Mathews,1629726
Mangok Mathiang,1628493
Dakota Mathias,1629751
Bennedict Mathurin,1631097
Wes Matthews,77484
Wesley Matthews,202083
Ariel Maughan,77485
Marlon Maxey,77486
Tyrese Maxey,1630178
Jason Maxiell,101131
Cedric Maxwell,77487
Vernon Maxwell,137
Don May,77489
Scott May,77490
Sean May,101118
Lee Mayberry,195
Clyde Mayes,77492
Tharon Mayes,77493
Bill Mayfield,77495
Ken Mayfield,77494
Eric Maynor,201953
O.J. Mayo,201564
Skylar Mays,1630219
Travis Mays,77496
Matt Mazza,77497
Luc Mbah a Moute,201601
DJ Mbenga,2788
Bob McAdoo,77498
James Michael McAdoo,203949
Ken McBride,77499
Miles McBride,1630540
Tahjere McCall,1628769
Ray McCallum,203492
Bob McCann,737
Brendan McCann,77500
Mel McCants,77502
Rashad McCants,101119
Mike McCarron,77503
Andre McCarter,77504
Willie McCarter,77505
Johnny McCarthy,77506
Howie McCarty,77507
Kelly McCarty,1820
Walter McCarty,962
Amal McCaskill,1043
Patrick McCaw,1627775
Dwayne McClain,77509
"Ted, Hound Dog McClain",77510
Dan McClintock,2082
Jack McCloskey,77512
George McCloud,45
Mac McClung,1630644
CJ McCollum,203468
John McConathy,77513
Paul McConnell,77514
T.J. McConnell,204456
Keith McCord,77515
Tim McCormick,77516
Jelani McCoy,1741
Paul McCracken,77517
Chris McCray,200840
Rodney McCray,1622
Scooter McCray,77518
Erik McCree,1628571
Chris McCullough,1626191
John McCullough,77520
Clint McDaniel,723
Xavier McDaniel,1365
Jaden McDaniels,1630183
Jalen McDaniels,1629667
Jim McDaniels,77523
KJ McDaniels,203909
Doug McDermott,203926
Sean McDermott,1630253
Ben McDonald,77524
Glenn McDonald,77525
Michael McDonald,1075
Hank McDowell,77527
Antonio McDyess,686
Jim McElroy,77528
Ivan McFarlin,200829
Mel McGaha,77529
Mitch McGary,203956
JaVale McGee,201580
Mike McGee,77530
Bill McGill,77531
George McGinnis,77532
Jon McGlocklin,77533
Bryce McGowens,1631121
Tracy McGrady,1503
Gil McGregor,77534
Cameron McGriff,1630787
Rodney McGruder,203585
Al McGuire,77536
Allie McGuire,77535
Dick McGuire,77537
Dominic McGuire,201187
Kevin McHale,1450
Jim McIlvaine,29
Jeff McInnis,976
Kenny McIntosh,77540
Kevin McKenna,77541
Forrest McKenzie,77542
Stan McKenzie,77543
Derrick McKey,365
Aaron McKie,243
Billy McKinney,77547
Carlton McKinney,77545
Horace McKinney,77546
Trey McKinney-Jones,203590
Alfonzo McKinnie,1628035
JaQuori McLaughlin,1630605
Jordan McLaughlin,1629162
Ben McLemore,203463
Mccoy McLemore,77548
George McLeod,77549
Keith McLeod,2693
Roshown McLeod,1728
Jack McMahon,77551
Nate McMillan,203
Tom McMillen,77553
Jim McMillian,77554
Shellie McMillon,77555
Mal McMullan,77556
Chet McNabb,77557
Mark McNamara,77558
Joe McNamee,77559
Jerel McNeal,202077
Chris McNealy,77560
Bob McNeill,77562
Larry McNeill,77561
Carl McNulty,77563
Paul McPherson,2101
Cozell McQueen,77565
Jordan McRae,203895
Thales McReynolds,77566
Josh McRoberts,201177
Eric McWilliams,77567
George Mearns,77568
Slava Medvedenko,2098
Darnell Mee,1577
Jodie Meeks,201975
Cliff Meely,77570
Scott Meents,77571
Dick Mehen,77572
Don Meineke,77573
Carl Meinhold,77574
Salah Mejri,1626257
Gal Mekel,203539
Bill Melchionni,77576
Gary Melchionni,77575
Nicolo Melli,1629740
Fab Melo,203097
De'Anthony Melton,1629001
Ed Melvin,77577
Dean Meminger,77578
Chuck Mencel,77579
John Mengelt,77580
Ken Menke,77581
Pops Mensah-Bonsu,200822
Ron Mercer,1500
Joe Meriweather,77582
Porter Meriwether,77583
Sam Merrill,1630241
Tom Meschery,77584
Chimezie Metu,1629002
Loren Meyer,684
Dave Meyers,77586
Stan Miasek,77587
Larry Micheaux,77588
Jordan Mickey,1626175
Khris Middleton,203114
Zigmund Mihalik,77589
Chris Mihm,2036
Eric Mika,1628450
Ed Mikan,77590
George Mikan,600012
Larry Mikan,77591
Vern Mikkelsen,77593
Al Miksis,77594
Aaron Miles,101223
CJ Miles,101139
Darius Miles,2032
Eddie Miles,77596
Marko Milic,1527
Darko Milicic,2545
Nat Militzok,77598
Andre Miller,1889
Anthony Miller,292
Bill Miller,77605
Bob Miller,77603
Brad Miller,1802
Darius Miller,203121
Dick Miller,77602
Eddie Miller,77599
Harry Miller,77600
Jay Miller,77601
Malcolm Miller,1626259
Mike Miller,2034
Oliver Miller,932
Quincy Miller,203113
Reggie Miller,397
Walt Miller,77604
Chris Mills,168
John Mills,77606
Patty Mills,201988
Terry Mills,371
Elijah Millsap,202407
Paul Millsap,200794
Shake Milton,1629003
Harold Miner,114
Dirk Minniefield,77609
Dave Minor,77610
Greg Minor,65
Mark Minor,77612
Josh Minott,1631169
Nikola Mirotic,202703
Wat Misaka,77613
Jason Miskiri,1954
Davion Mitchell,1630558
Donovan Mitchell,1628378
Mike Mitchell,77615
Murray Mitchell,77616
Sam Mitchell,417
Todd Mitchell,77614
Tony Mitchell,203183
Tony Mitchell,203502
Naz Mitrou-Long,1628513
Steve Mix,77618
Bill Mlkvy,77619
Cuttino Mobley,1749
Eric Mobley,211
Evan Mobley,1630596
Isaiah Mobley,1630600
Larry Moffett,77621
Leo Mogus,77622
Nazr Mohammed,1737
Jerome Moiso,2040
Paul Mokeski,77623
Adam Mokoka,1629690
Jack Molinas,77624
Wayne Molis,77625
Sidney Moncrief,77626
Chima Moneke,1631320
Eric Money,77627
Sergei Monia,2752
Malik Monk,1628370
Earl Monroe,600006
Greg Monroe,202328
Rodney Monroe,77628
Luis Montero,1626242
Howie Montgomery,77630
Eric Montross,376
Moses Moody,1630541
Jamario Moon,200081
Xavier Moon,1629875
Jim Mooney,77631
Matt Mooney,1629760
Andre Moore,77632
Ben Moore,1628500
E'Twaun Moore,202734
Jackie Moore,77634
Johnny Moore,77633
Lowes Moore,77635
Mikki Moore,1630
Otto Moore,77636
Ron Moore,77637
Tracy Moore,929
Wendell Moore Jr.,1631111
Ja Morant,1629630
Eric Moreland,203961
Jackie Moreland,77639
Guy Morgan,77640
Juwan Morgan,1629752
Rex Morgan,77641
Elmo Morgenthaler,77642
Darren Morningstar,77644
Chris Morris,356
Darius Morris,202721
Isaiah Morris,77647
Jaylen Morris,1628537
Markieff Morris,202693
Max Morris,77646
Monte Morris,1628420
Randolph Morris,201043
Terence Morris,2242
Marcus Morris Sr.,202694
Adam Morrison,200747
Dwight Morrison,77648
Mike Morrison,77649
Anthony Morrow,201627
Dwayne Morton,132
John Morton,1972
Richard Morton,77652
Glenn Mosley,77653
Perry Moss,77654
Lawrence Moten,734
Donatas Motiejunas,202700
Johnathan Motley,1628405
Hanno Mottola,2069
Arnett Moultrie,203102
Alonzo Mourning,297
Timofey Mozgov,202389
Chuck Mrazovich,77657
Emmanuel Mudiay,1626144
Erwin Mueller,77658
Shabazz Muhammad,203498
Mychal Mulder,1628539
Joe Mullaney,77659
Bob Mullens,77660
Byron Mullens,201957
Chris Mullin,904
Jeff Mullins,77662
Todd Mundt,942
Xavier Munford,204098
Chris Munk,77664
George Munroe,77665
Eric Murdock,785
Gheorghe Muresan,49
Ade Murkey,1630278
Allen Murphy,77668
Calvin Murphy,77669
Dick Murphy,77672
Erik Murphy,203513
Jay Murphy,77670
John Murphy,77671
Kevin Murphy,203122
Ronnie Murphy,77673
Tod Murphy,77674
Troy Murphy,2211
Trey Murphy III,1630530
Dejounte Murray,1627749
Flip Murray,2436
Jamal Murray,1627750
Keegan Murray,1631099
Ken Murray,77675
Lamond Murray,441
Tracy Murray,145
Dorie Murrey,77676
Toure' Murry,203315
Dzanan Musa,1629058
Mike Muscala,203488
Angelo Musi,77677
Jerrod Mustaf,1054
Dikembe Mutombo,87
Martin Muursepp,982
Pete Myers,939
Svi Mykhailiuk,1629004
Makhtar N'diaye,1823
Makhtar N'diaye,1626122
Mamadou N'diaye,2055
Bob Naber,77681
Boris Nachamkin,77682
Bostjan Nachbar,2411
Abdel Nader,1627846
Jerry Nagel,77683
Fred Nagy,77684
Lee Nailon,1924
Eduardo Najera,2059
Larry Nance,77685
Larry Nance Jr.,1626204
Shabazz Napier,203894
Paul Napolitano,77686
Bob Nash,77688
Charles Nash,77687
Steve Nash,959
Swen Nater,77689
Howard Nathan,77690
Calvin Natt,77691
Kenny Natt,77692
Willie Naulls,77693
Juan Carlos Navarro,2434
Hamady Ndiaye,202380
Boniface Ndong,101238
Maurice Ndour,1626254
Craig Neal,77694
Gary Neal,202390
Jim Neal,77695
Lloyd Neal,77696
Ed Nealy,77697
Nemanja Nedovic,203517
Al Negratti,77698
Barry Nelson,77699
DeMarcus Nelson,201634
Don Nelson,77700
Jameer Nelson,2749
Louie Nelson,77701
Andrew Nembhard,1629614
Ruben Nembhard,1129
RJ Nembhard Jr.,1630612
Tyrone Nesby,1838
Aaron Nesmith,1630174
Martin Nessley,77704
Rasho Nesterovic,1725
Raul Neto,203526
Johnny Neumann,77705
Paul Neumann,77706
Chuck Nevitt,77707
Melvin Newbern,1116
Ivano Newbill,1096
Ira Newble,1956
Mike Newlin,77710
Johnny Newman,271
Malik Newman,1629005
Dave Newmark,77712
Georges Niang,1627777
Demetris Nichols,201193
Jack Nichols,77713
Andrew Nicholson,203094
Gaylon Nickerson,1093
Carl Nicks,77715
Rich Niemann,77716
John Niemiera,77717
Mike Niles,77718
Kurt Nimphius,77719
Daishen Nix,1630227
Dyron Nix,77720
Norm Nixon,77721
Zeke Nnaji,1630192
Joakim Noah,201149
Chuck Noble,77722
Andres Nocioni,2804
David Noel,200786
Nerlens Noel,203457
Paul Noel,77723
Lucas Nogueira,203512
Jim Nolan,77724
Paul Nolen,77725
Jeff Nordgaard,999
Robert Nordmann,77727
Johnny Norlander,77728
Connie Norman,77729
Ken Norman,80
Audie Norris,77731
Moochie Norris,983
Sylvester Norris,77732
Zach Norvell Jr.,1629668
Willie Norwood,77733
George Nostrand,77734
Stan Noszka,77735
Mike Novak,77736
Steve Novak,200779
Jaylen Nowell,1629669
Mel Nowell,77737
Dirk Nowitzki,1717
Frank Ntilikina,1628373
Kendrick Nunn,1629134
James Nunnally,203263
Jusuf Nurkic,203994
Dennis Nutt,77738
David Nwaba,1628021
Jordan Nwora,1629670
Julius Nwosu,1022
Charles O'Bannon,1525
Ed O'Bannon,709
John O'Boyle,77742
Bob O'Brien,77744
Buckshot O'Brien,77743
JJ O'Brien,1626266
Patrick O'Bryant,200753
Johnny O'Bryant III,203948
Dermie O'Connell,77745
Andy O'Donnell,77746
Francis O'Grady,77750
Dick O'Keefe,77752
Tommy O'Keefe,77753
Mike O'Koren,77754
Grady O'Malley,77766
Jermaine O'Neal,979
Shaquille O'Neal,406
Royce O'Neale,1626220
Mike O'Neill,77767
Kyle O'Quinn,203124
Kevin O'Shea,77773
Garland O'Shields,77774
Dan O'Sullivan,77776
Charles Oakley,891
Fabricio Oberto,101177
Daniel Ochefu,1627849
Greg Oden,201141
Lamar Odom,1885
Carlos Ogden,77747
Ralph Ogden,77748
Alan Ogg,1628
Don Ohl,77751
Tim Ohlbrecht,203317
Semi Ojeleye,1628400
Emeka Okafor,2731
Jahlil Okafor,1626143
Chuma Okeke,1629643
Elie Okobo,1629059
Josh Okogie,1629006
Onyeka Okongwu,1630168
Isaac Okoro,1630171
KZ Okpala,1629644
Mehmet Okur,2246
Victor Oladipo,203506
Hakeem Olajuwon,165
Mark Olberding,77756
Jawann Oldham,77757
Johnny Oldham,77758
Frank Oleynick,77759
John Olive,77760
Brian Oliver,1680
Cameron Oliver,1628419
Dean Oliver,2352
Jimmy Oliver,1429
Kevin Ollie,1563
Gene Ollrich,77764
Michael Olowokandi,1709
Enoch Olsen,77765
Kelly Olynyk,203482
Eugene Omoruyi,1630647
Miye Oni,1629671
Arinze Onuaku,202620
Chinanu Onuaku,1627778
Barry Orms,77768
Johnny Orr,77769
Louis Orr,77770
Jose Ortiz,77771
Daniel Orton,202350
Chuck Osborne,77772
Cedi Osman,1626224
Wally Osterkorn,77775
Greg Ostertag,731
Matt Othick,77777
Don Otten,77778
Mac Otten,77779
Daniel Oturu,1630187
Kelly Oubre Jr.,1626162
Bo Outlaw,448
Travis Outlaw,2566
Claude Overton,77780
Doug Overton,77
Andre Owens,101261
Billy Owens,182
Chris Owens,2442
Eddie Owens,77782
James Owens,77783
Jim Owens,77784
Keith Owens,77785
Larry Owens,202082
Tariq Owens,1629745
Tom Owens,77786
Ray Owes,1077
Olumide Oyedeji,2071
Joe Pace,77788
Zaza Pachulia,2585
Robert Pack,123
Gerald Paddio,77789
Scott Padgett,1909
Jaysean Paige,1629873
Marcus Paige,1627779
Fred Paine,77790
Milt Palacio,1960
Togo Palazzi,77791
Jim Palmer,77792
John Palmer,77793
Trayvon Palmer,1629309
Walter Palmer,77794
Kevin Pangos,1630698
Andy Panko,1950
Georgios Papagiannis,1627834
Kostas Papanikolaou,203123
Jannero Pargo,2457
Jeremy Pargo,202951
Estes Parham,77797
Robert Parish,305
Medford Park,77799
Anthony Parker,1515
Jabari Parker,203953
Smush Parker,2470
Sonny Parker,77800
Tony Parker,2225
Jack Parkinson,77801
Cherokee Parks,685
Jack Parr,77802
Doyle Parrack,77803
Charlie Parsley,77804
Chandler Parsons,202718
Eric Paschall,1629672
Anzejs Pasecniks,1628394
Zarko Paspalj,1097
Marty Passaglia,77806
George A. Pastushok,77807
Myles Patrick,77808
Stan Patrick,77809
Andrae Patterson,1754
George Patterson,77811
Lamar Patterson,203934
Patrick Patterson,202335
Ruben Patterson,1739
Steve Patterson,77812
Tommy Patterson,77813
Worthy Patterson,77814
Justin Patton,1628383
Brandon Paul,203464
Chris Paul,101108
Charlie Paulk,77815
Jerry Paulson,77816
Billy Paultz,77817
Sasha Pavlovic,2562
Jim Paxson,77818
Jim Paxson,77819
John Paxson,77820
Johnny Payak,77821
Adreian Payne,203940
Cameron Payne,1626166
Kenny Payne,77822
Tom Payne,77823
Elfrid Payton,203901
Gary Payton,56
Mel Payton,77824
Gary Payton II,1627780
George Pearcy,77825
Henry Pearcy,77826
Oleksiy Pecherov,200762
Wiley Peck,77827
Anthony Peeler,324
Nikola Pekovic,201593
Jake Pelkington,77828
Norvel Pelle,203658
Sam Pellom,77829
Mike Penberthy,2130
Desmond Penigar,2667
Kirk Penney,2632
Mike Peplowski,46
Will Perdue,781
Kendrick Perkins,2570
Sam Perkins,64
Warren Perkins,77834
Kosta Perovic,200785
London Perrantes,1628506
Curtis Perry,77835
Elliot Perry,386
Reggie Perry,1629617
Tim Perry,897
Chuck Person,456
Wesley Person,445
Alec Peters,1628409
Jim Petersen,77839
Loy Petersen,77840
Bob Peterson,77843
Ed Peterson,77841
Mel Peterson,77842
Morris Peterson,2050
Geoff Petrie,77844
Johan Petro,101130
Drazen Petrovic,77845
Richard Petruska,77846
Bob Pettit,77847
Roger Phegley,77848
Jack Phelan,77850
Jim Phelan,77849
Derrick Phelps,74
Mike Phelps,77852
Andy Phillip,77853
Tarik Phillip,1629341
Eddie Phillips,77854
Gary Phillips,77855
Bobby Phills,184
Eric Piatkowski,15
Jamorko Pickett,1630691
Paul Pierce,1718
Ricky Pierce,894
Stan Pietkiewicz,77858
Mickael Pietrus,2554
John Pilch,77859
Ed Pinckney,291
Kevinn Pinkney,200838
John Pinone,77861
Theo Pinson,1629033
Dave Piontek,77862
Tom Piotrowski,77863
Scottie Pippen,937
Scotty Pippen Jr.,1630590
Charlie Pittman,77864
Dexter Pittman,202354
Zoran Planinic,2565
Tibor Pleiss,202353
Marshall Plumlee,1627850
Mason Plumlee,203486
Miles Plumlee,203101
Gary Plummer,77865
Pavel Podkolzin,2750
Jakob Poeltl,1627751
Vincent Poirier,1629738
Aleksej Pokusevski,1630197
Dwayne Polee,77866
Jim Pollard,77867
Scot Pollard,1513
Ralph Polson,77868
Olden Polynice,178
Cliff Pondexter,77869
Quincy Pondexter,202347
Shamorie Ponds,1629044
Yves Pons,1630582
Jordan Poole,1629673
David Pope,77870
Mark Pope,998
Dave Popson,77872
Ben Poquette,77873
Chris Porter,2084
Howard Porter,77875
Jontay Porter,1629007
Kevin Porter,77876
Terry Porter,345
Kevin Porter Jr.,1629645
Michael Porter Jr.,1629008
Otto Porter Jr.,203490
Bobby Portis,1626171
Bob Portman,77878
Kristaps Porzingis,204001
James Posey,1899
Lavor Postell,2068
Vitaly Potapenko,958
Micah Potter,1630695
Leon Powe,200796
Dwight Powell,203939
Josh Powell,2694
Kasib Powell,2867
Myles Powell,1629619
Norman Powell,1626181
Roger Powell,101232
Alex Poythress,1627816
Paul Pressey,77879
Phil Pressey,203515
Dominic Pressley,77880
Harold Pressley,77881
Jason Preston,1630554
AJ Price,201985
Brent Price,85
Jim Price,77883
Mark Price,899
Mike Price,77884
Ronnie Price,101179
Tony Price,77882
Bob Priddy,77886
Pablo Prigioni,203143
Joshua Primo,1630563
Taurean Prince,1627752
Tayshaun Prince,2419
John Pritchard,77887
Kevin Pritchard,340
Payton Pritchard,1630202
Laron Profit,1919
Gabe Pruitt,201172
Joel Przybilla,2038
Les Pugh,77888
Roy Pugh,77889
Anthony Pullard,77890
Jacob Pullen,1626643
Rodney Purvis,1628681
Don Putman,77891
Zhou Qi,1627753
Tim Quarterman,1627817
Trevelin Queen,1630243
Neemias Queta,1629674
Bob Quick,77892
Immanuel Quickley,1630193
Chris Quinn,200809
Brian Quinnett,77893
Ivan Rabb,1628397
Luke Rackley,77894
Howie Rader,77895
Mark Radford,77896
Wayne Radford,77897
Dino Radja,129
Vladimir Radmanovic,2209
Aleksandar Radojevic,1893
Frank Radovich,77899
Moe Radovich,77900
Miroslav Raduljica,203545
Ray Radziszewski,77901
Ray Ragelis,77902
Sherwin Raiken,77903
Ed Rains,77904
Igor Rakocevic,2080
Kurt Rambis,77905
Peter John Ramos,2762
Cal Ramsey,77906
Frank Ramsey,77907
Jahmi'us Ramsey,1630186
Ray Ramsey,77908
Mark Randall,1821
Chasson Randle,1626184
Julius Randle,203944
Anthony Randolph,201576
Shavlik Randolph,101183
Zach Randolph,2216
Wally Rank,77910
Kelvin Ransey,77911
Sam Ranzino,77912
Blair Rasmussen,78656
Xavier Rathan-Mayes,1628504
George Ratkovicz,77913
Ed Ratleff,77914
Mike Ratliff,77915
Theo Ratliff,689
Andy Rautins,202360
Leo Rautins,77916
Allan Ray,200810
Clifford Ray,77917
Don Ray,77918
Jamesearl Ray,77920
Jim Ray,77919
Craig Raymond,77921
Connie Rea,77922
Austin Reaves,1630559
Joe Reaves,77923
Josh Reaves,1629729
Zeljko Rebraca,1442
Eldridge Recasner,695
Michael Redd,2072
Cam Reddish,1629629
Frank Reddout,77925
JJ Redick,200755
Marlon Redmond,77926
Davon Reed,1628432
Hub Reed,77927
Justin Reed,2770
Paul Reed,1630194
Ron Reed,77928
Willie Reed,203186
Willis Reed,77929
Bryant Reeves,735
Khalid Reeves,234
Richie Regan,77932
Don Rehfeldt,77933
Billy Reid,77937
Don Reid,690
J.R. Reid,462
Jim Reid,77935
Naz Reid,1629675
Robert Reid,77936
Ryan Reid,202385
Jared Reiner,2876
Joseph Reiser,77938
Richard Rellford,77939
Terrence Rencher,720
John Rennicke,77941
Rob Rensberger,77942
Efthimios Rentzias,981
Shawn Respert,704
Kevin Restani,77944
Cam Reynolds,1629244
George Reynolds,77945
Jerry Reynolds,77946
Gene Rhodes,77947
Rodrick Rhodes,1518
Glen Rice,779
Glen Rice,203318
Chris Richard,201181
Nick Richards,1630208
Clint Richardson,77950
Jason Richardson,2202
Jeremy Richardson,200978
Josh Richardson,1626196
Malachi Richardson,1627781
Micheal Ray Richardson,77952
Norman Richardson,2369
Pooh Richardson,71
Quentin Richardson,2047
Mitch Richmond,782
John Richter,77954
Dick Ricketts,77955
Isaiah Rider,375
Jackie Ridgle,77957
Luke Ridnour,2557
Mel Riebe,77958
Jim Riffey,77959
Antoine Rigaudeau,2541
Tom Riker,77960
Bob Riley,77963
Eric Riley,35
Pat Riley,77962
Ron Riley,77964
Grant Riller,1630203
Rich Rinaldi,77965
Mike Riordan,77966
Arnie Risen,77967
Goebel Ritter,77968
Ramon Rivas,77969
Austin Rivers,203085
David Rivers,77970
Doc Rivers,470
Lee Robbins,77972
Andre Roberson,203460
Anthony Roberson,101194
Rick Roberson,77973
Terrance Roberson,2121
Anthony Roberts,77975
Bill Roberts,77979
Brian Roberts,203148
Fred Roberts,122
Joe Roberts,77977
Lawrence Roberts,101160
Marv Roberts,77978
Stanley Roberts,914
Alvin Robertson,926
Oscar Robertson,600015
Ryan Robertson,1926
Tony Robertson,77983
Rick Robey,77984
Bernard Robinson,2774
Chris Robinson,997
Cliff T. Robinson,77986
Clifford Robinson,361
David Robinson,764
Devin Robinson,1628421
Duncan Robinson,1629130
Eddie Robinson,1944
Flynn Robinson,77988
Glenn Robinson,299
Jackie Robinson,77989
Jamal Robinson,1554
James Robinson,381
Jerome Robinson,1629010
Justin Robinson,1629620
Larry Robinson,1683
Mitchell Robinson,1629011
Nate Robinson,101126
Oliver Robinson,77994
Rumeal Robinson,716
Thomas Robinson,203080
Truck Robinson,77993
Wayne Robinson,77996
Glenn Robinson III,203922
Jeremiah Robinson-Earl,1630526
Bill Robinzine,77997
Dave Robisch,77998
Isaiah Roby,1629676
Red Rocha,77999
John Roche,78000
Gene Rock,78001
Jack Rocker,78002
David Roddy,1631223
Guy Rodgers,78003
Dennis Rodman,23
Sergio Rodriguez,200771
Lou Roe,691
Carlos Rogers,435
Johnny Rogers,78007
Marshall Rogers,78008
Rodney Rogers,915
Roy Rogers,964
Al Roges,78010
Ken Rohloff,78011
Magnum Rolle,202375
Kenny Rollins,78012
Phil Rollins,78013
Ryan Rollins,1631157
Tree Rollins,78014
Lorenzo Romar,78015
Rajon Rondo,200765
Sean Rooks,399
Derrick Rose,201565
Jalen Rose,147
Malik Rose,990
Robert Rose,78016
Alexander Rosenberg,78017
Lennie Rosenbluth,78018
Hank Rosenstein,78019
Dick Rosenthal,78020
Quinton Ross,2624
Terrence Ross,203082
Doug Roth,78021
Scott Roth,78022
Irv Rothenberg,78023
Mickey Rottner,78024
Dan Roundfield,78025
Giff Roux,78026
Ron Rowan,78027
Curtis Rowe,78028
Jim Rowinski,78029
Derrick Rowland,78030
Brian Rowsom,78031
Brandon Roy,200750
Donald Royal,140
Bob Royer,78033
Clifford Rozier,32
Terry Rozier,1626179
Ricky Rubio,201937
Guy Rucker,2462
Delaney Rudd,78035
John Rudd,78036
Damjan Rudez,204014
John Rudometkin,78037
Michael Ruffin,1913
Trevor Ruffin,460
Paul Ruffner,78039
Joe Ruklick,78040
Jeff Ruland,78041
Bob Rule,78042
Jerry Rullo,78043
Stefano Rusconi,474
Brandon Rush,201575
Kareem Rush,2416
Bill Russell,78049
Bryon Russell,935
Campy Russell,78047
Cazzie Russell,78045
D'Angelo Russell,1626156
Frank Russell,78046
Walker Russell,78048
Walker Russell,201041
Matt Ryan,1630346
Arvydas Sabonis,717
Domantas Sabonis,1627734
Robert Sacre,203135
Ed Sadowski,78050
Kenny Sailors,78051
John Salley,927
John Salmons,2422
Kevin Salvadori,1089
Soumaila Samake,2066
Luka Samanic,1629677
Cheikh Samb,200798
Brandon Sampson,1629102
JaKarr Sampson,203960
Jamal Sampson,2441
Ralph Sampson,78055
Samardo Samuels,202396
Pepe Sanchez,2143
Frankie Sanders,78057
Jeff Sanders,1874
Larry Sanders,202336
Melvin Sanders,2684
Mike Sanders,78059
Thomas Sanders,78060
Daniel Santiago,2091
Bob Santini,78061
Wayne Sappleton,78062
Dario Saric,203967
Olivier Sarr,1630846
Jason Sasser,987
Jeryl Sasser,2219
Tomas Satoransky,203107
Kenny Satterfield,2261
Frank Saul,78063
Woody Sauldsberry,78064
Fred Saunders,78065
Don Savage,78066
Predrag Savovic,2453
Alan Sawyer,78067
Brian Scalabrine,2243
Alex Scales,2637
Dewayne Scales,78068
Frank Schade,78069
Ben Schadler,78070
Herm Schaefer,78071
Bob Schafer,78072
Jordan Schakel,1630648
Ben Scharnus,78073
Marv Schatzman,78074
Fred Schaus,78075
Dan Schayes,7
Dolph Schayes,78076
Ossie Schectman,78078
Steve Scheffler,88
Tom Scheffler,78080
Dave Schellhase,78081
Luke Schenscher,101195
Herb Scherer,78082
Dwayne Schintzius,368
Dale Schlueter,78084
Otto Schnellbacher,78085
Dick Schnittker,78086
Russ Schoene,78087
Admiral Schofield,1629678
Dave Scholz,78088
Milt Schoon,78089
Detlef Schrempf,96
Dennis Schroder,203471
Howie Schultz,78091
Dick Schulz,78092
John Schweitz,78093
Luis Scola,2449
Freddie Scolari,78094
Alvin Scott,78095
Brent Scott,1064
Byron Scott,2
Charlie Scott,78097
Dennis Scott,192
James Scott,1109
Mike Scott,203118
Ray Scott,78100
Shawnelle Scott,1035
Trevon Scott,1630286
Jay Scrubb,1630206
Carey Scurry,78102
Dereon Seabron,1631220
Bruce Seals,78103
Shea Seals,1578
Malik Sealy,907
Ed Searcy,78105
Ken Sears,78106
Wayne See,78107
Thabo Sefolosha,200757
Rony Seikaly,938
Glen Selbo,78109
Josh Selby,202729
Wayne Selden,1627782
Brad Sellers,78110
Phil Sellers,78111
Rollie Seltz,78112
Frank Selvy,78113
Jim Seminoff,78114
Mouhamed Sene,200754
George Senesky,78115
Alperen Sengun,1630578
Kevin Seraphin,202338
Ansu Sesay,1738
Ramon Sessions,201196
Tom Sewell,78116
Collin Sexton,1629012
Paul Seymour,78117
Nick Shaback,78118
Charles Shackleford,1593
Carl Shaeffer,78120
Lee Shaffer,78121
Mustafa Shakur,201203
Landry Shamet,1629013
God Shammgod,1539
Earl Shannon,78123
Howie Shannon,78124
Charlie Share,78125
Bill Sharman,78126
Day'Ron Sharpe,1630549
Shaedon Sharpe,1631101
Walter Sharpe,201594
John Shasky,1117
Ron Shavlik,78128
Brian Shaw,216
Casey Shaw,1745
Marial Shayok,1629621
Bob Shea,78130
Fred Sheffield,78131
Craig Shelton,78132
Lonnie Shelton,78133
Tornike Shengelia,203129
Jeff Sheppard,1852
Steve Sheppard,78135
Edmund Sherod,78136
Charlie Shipp,78653
Paul Shirley,2321
Gene Short,78138
Purvis Short,78139
Dexter Shouse,78140
Dick Shrider,78141
Gene Shue,78142
John Shumate,78143
Iman Shumpert,202697
Alexey Shved,203144
Pascal Siakam,1627783
Jordan Sibert,1626296
Sam Sibert,78144
Mark Sibley,78145
Jerry Sichting,78146
Larry Siegfried,78147
Ralph Siewert,78148
Jack Sikma,78149
James Silas,78150
Paul Silas,78151
Xavier Silas,202918
Garret Siler,202081
Mike Silliman,78152
Chris Silva,1629735
Wayne Simien,101134
Ben Simmons,1627732
Bobby Simmons,2250
Cedric Simmons,200759
Connie Simmons,78153
Johnny Simmons,78154
Jonathon Simmons,203613
Kobi Simmons,1628424
Lionel Simmons,1489
Miles Simon,1750
Marko Simonovic,1630250
Anfernee Simons,1629014
Dickey Simpkins,54
Diamon Simpson,202067
Ralph Simpson,78157
Zavier Simpson,1630285
Alvin Sims,1591
Bob Sims,78160
Courtney Sims,201235
Doug Sims,78159
Henry Sims,203156
Jericho Sims,1630579
Scott Sims,78161
Kyle Singler,202713
Sean Singletary,201606
Chris Singleton,202698
James Singleton,101189
Mckinley Singleton,78162
Zeke Sinicola,78163
Deividas Sirvydis,1629686
Charlie Sitton,78164
Peyton Siva,203491
Scott Skiles,101
Al Skinner,78167
Brian Skinner,1730
Talvin Skinner,78168
Whitey Skoog,78169
Jeff Slade,78170
Reggie Slater,1073
Jim Slaughter,78171
Jose Slaughter,78172
Tamar Slay,2447
Donald Sloan,202388
Jerry Sloan,78173
Uros Slokar,101166
Tom Sluby,78174
Alen Smailagic,1629346
Javonte Smart,1630606
Keith Smart,78175
Marcus Smart,203935
Belus Smawley,78176
Jack Smiley,78177
Adrian Smith,78178
Bill Smith,78207
Bill Smith,78209
Bingo Smith,78202
Bobby Smith,78203
Charles Smith,293
Charles Smith,1520
Charles Smith,78179
Chris Smith,1814
Chris Smith,203147
Clinton Smith,78181
Craig Smith,200783
Deb Smith,78182
Derek Smith,78183
Don Smith,78184
Donald Smith,78185
Donta Smith,2764
Doug Smith,475
Dru Smith,1630696
Ed Smith,78187
Elmore Smith,78188
Garfield Smith,78189
Greg Smith,78190
Greg Smith,202962
Ish Smith,202397
JR Smith,2747
Jabari Smith,2074
Jalen Smith,1630188
Jason Smith,201160
Jerry Smith,202536
Jim Smith,78191
Joe Smith,693
Josh Smith,2746
Keith Smith,78192
Kenny Smith,181
Labradford Smith,78194
Larry Smith,78195
Leon Smith,1910
Michael Smith,63
Michael Smith,78197
Mike Smith,2065
Nolan Smith,202701
Otis Smith,78198
Phil Smith,78199
Randy Smith,78200
Reggie Smith,78201
Robert Smith,78204
Russ Smith,203893
Sammy Smith,78205
Steven Smith,120
Steven Smith,200848
Stevin Smith,1478
Theron Smith,2604
Tony Smith,380
Willie Smith,78208
Zhaire Smith,1629015
Dennis Smith Jr.,1628372
Jabari Smith Jr.,1631095
Rik Smits,22
Mike Smrek,1091
Joe Smyth,78212
Xavier Sneed,1630270
Tony Snell,203503
Eric Snow,727
Dick Snyder,78213
Kirk Snyder,2745
George Sobek,78214
Ricky Sobers,78215
Ron Sobie,78216
Jeremy Sochan,1631110
Mike Sojourner,78217
Will Solomon,2226
Willie Somerset,78219
Darius Songaila,2443
Dave Sorenson,78220
James Southerland,203480
Gino Sovran,78221
Pape Sow,2776
Ray Spalding,1629034
Jim Spanarkel,78222
Vassilis Spanoulis,2779
Guy Sparrow,78223
Rory Sparrow,600009
Odie Spears,78225
Art Spector,78226
Marreese Speights,201578
Omari Spellman,1629016
Andre Spencer,78227
Elmore Spencer,771
Felton Spencer,280
Lou Spicer,78230
Craig Spitzer,78231
Tiago Splitter,201168
Art Spoelstra,78232
Latrell Sprewell,84
Larry Spriggs,78233
Jaden Springer,1630531
Jim Springer,78234
Jim Spruill,78235
Ryan Stack,1756
Jerry Stackhouse,711
Kevin Stacom,78237
Dave Stallworth,78238
Isaac Stallworth,78239
Ed Stanczak,78240
Cassius Stanley,1630199
Terence Stansbury,78241
John Starks,317
Keith Starr,78243
Nik Stauskas,203917
Larry Staverman,78244
Larry Steele,78245
Matt Steigenga,1099
Vladimir Stepania,1735
DJ Stephens,203474
Everette Stephens,78247
Jack Stephens,78249
Joe Stephens,1086
Lance Stephenson,202362
Alex Stepheson,1627293
Brook Steppe,78250
Barry Stevens,78251
Lamar Stevens,1630205
Wayne Stevens,78252
DeShawn Stevenson,2052
DJ Stewart,1630597
Dennis Stewart,78253
Isaiah Stewart,1630191
Kebu Stewart,1529
Larry Stewart,1125
Michael Stewart,1565
Norm Stewart,78256
Greg Stiemsma,201880
Steve Stipanovich,78257
Bryant Stith,179
Sam Stith,78259
Tom Stith,78260
Alex Stivrins,78261
David Stockton,204065
John Stockton,304
Peja Stojakovic,978
Ed Stokes,1055
Greg Stokes,78264
Jarnell Stokes,203950
Maurice Stokes,600016
Art Stolkey,78266
Diamond Stone,1627754
Julyan Stone,202933
Awvee Storey,2852
Damon Stoudamire,757
Salim Stoudamire,101136
Amar'e Stoudemire,2405
Paul Stovall,78267
DJ Strawberry,201199
Joe Strawder,78268
Bill Stricker,78269
Erick Strickland,1065
Mark Strickland,1110
Rod Strickland,393
Roger Strickland,78270
John Stroeder,78271
Derek Strong,400
Lamont Strothers,78273
John Stroud,78274
Max Strus,1629622
Rodney Stuckey,201155
Gene Stump,78275
Stan Stutz,78276
Jalen Suggs,1630591
Gary Suiter,78277
Jared Sullinger,203096
DaJuan Summers,201969
Edmond Sumner,1628410
Barry Sumpter,78654
Yue Sun,201180
Don Sunderlage,78278
Bruno Sundov,1743
Jon Sundvold,78279
Bob Sura,682
Dick Surhoff,78280
Dane Suttle,78281
Greg Sutton,357
Bennie Swain,78283
Caleb Swanigan,1628403
Norm Swanson,78284
Dan Swartz,78285
Michael Sweetney,2552
Cole Swider,1631306
Robert Swift,2741
Stromile Swift,2031
Aaron Swinson,78286
Craig Sword,1628591
Pape Sy,202377
Wallace Sydnor,78287
Keifer Sykes,1626208
Larry Sykes,1132
Brett Szabo,1136
Wally Szczerbiak,1887
Zan Tabak,440
Yuta Tabuse,2657
Chris Taft,101147
Sid Tannenbaum,78291
Dragan Tarlac,1434
Roy Tarpley,78293
Jae'Sean Tate,1630256
Earl Tatum,78294
Jayson Tatum,1628369
Edy Tavares,204002
Anthony Taylor,78295
Brian Taylor,78296
Donell Taylor,101182
Fred Taylor,78298
Isaiah Taylor,1627819
Jay Taylor,78297
Jeff Taylor,78299
Jeffery Taylor,203106
Jermaine Taylor,201966
Johnny Taylor,1511
Leonard Taylor,78301
Maurice Taylor,1508
Mike Taylor,201446
Roland Taylor,78302
Terry Taylor,1630678
Tyshawn Taylor,203116
Vince Taylor,78303
Terry Teagle,78304
Jeff Teague,201952
Marquis Teague,203104
Mirza Teletovic,203141
Sebastian Telfair,2742
Garrett Temple,202066
Milos Teodosic,1628462
Ira Terrell,78305
Jared Terrell,1629123
Carlos Terry,78307
Chuck Terry,78306
Claude Terry,78308
Dalen Terry,1631207
Emanuel Terry,1629150
Jason Terry,1891
Tyrell Terry,1630179
Jon Teske,1630257
Hasheem Thabeet,201934
Tom Thacker,78309
Daniel Theis,1628464
Reggie Theus,78310
Peter Thibeaux,78311
Bill Thieben,78312
Justus Thigpen,78313
David Thirdkill,78314
Adonis Thomas,203519
Billy Thomas,2873
Brodric Thomas,1630271
Cam Thomas,1630560
Carl Thomas,1063
Charles Thomas,78316
Etan Thomas,2041
Irving Thomas,78317
Isaiah Thomas,202738
Isiah Thomas,78318
Jamel Thomas,1975
James Thomas,2839
Jim Thomas,78320
Joe Thomas,78321
John Thomas,1519
Kenny Thomas,1903
Khyri Thomas,1629017
Kurt Thomas,703
Lance Thomas,202498
Malcolm Thomas,202952
Matt Thomas,1629744
Terry Thomas,78322
Tim Thomas,1501
Tyrus Thomas,200748
Trey Thompkins,202717
Bernard Thompson,78323
Billy Thompson,1631
Brooks Thompson,240
Corny Thompson,78325
David Thompson,78326
Dijon Thompson,101159
George Thompson,78327
Hollis Thompson,203138
Jason Thompson,201574
John Thompson,78328
Kevin Thompson,78329
Klay Thompson,202691
LaSalle Thompson,78
Mychal Thompson,78331
Mychel Thompson,202814
Paul Thompson,78332
Stephen Thompson,78333
Tristan Thompson,202684
JT Thor,1630550
Rod Thorn,78335
Al Thornton,201154
Bob Thornton,738
Marcus Thornton,201977
Sindarius Thornwell,1628414
Otis Thorpe,901
Sedale Threatt,9
Nate Thurmond,600001
Mel Thurston,78340
Matisse Thybulle,1629680
Howard Tidrick,78341
Dan Tieman,78342
Killian Tillie,1629681
Darren Tillis,78343
Xavier Tillman,1630214
Jack Tingle,78344
Jamaal Tinsley,2224
Wayman Tisdale,47
Mike Tobey,1627861
Isaiah Todd,1630225
Marko Todorovich,78346
Ray Tolbert,78348
Tom Tolbert,78347
Anthony Tolliver,201229
Dean Tolson,78349
Rudy Tomjanovich,78350
Andrew Toney,78351
Sedric Toney,78352
Andy Tonkovich,78353
Andy Toolson,342
Jack Toomay,78355
Bernard Toone,78356
Obi Toppin,1630167
Irv Torgoff,78357
Gene Tormohlen,78358
Oscar Torres,2351
Juan Toscano-Anderson,1629308
Bill Tosheff,78359
Bob Tough,78360
Axel Toupane,1626253
Monte Towe,78361
Keith Tower,700
William Towery,78363
Linton Townes,78364
Karl-Anthony Towns,1626157
Raymond Townsend,78365
George Trapp,78366
John Trapp,78367
Robert Traylor,1714
Gary Trent,718
Gary Trent Jr.,1629018
Jeff Trepagnier,2244
John Tresvant,78651
Allonzo Trier,1629019
Dick Triptow,78368
Kelly Tripucka,78369
Cezary Trybanski,2456
Jake Tsakalidis,2054
John Tschogl,78370
Lou Tsioropoulos,78371
Nikoloz Tskitishvili,2401
Al Tucker,78372
Alando Tucker,201169
Anthony Tucker,141
Jim Tucker,78374
P.J. Tucker,200782
Rayjon Tucker,1629730
Trent Tucker,78375
Ronny Turiaf,101142
Mirsad Turkcan,1726
Hedo Turkoglu,2045
Andre Turner,78377
Bill Turner,78385
Elston Turner,78378
Evan Turner,202323
Henry Turner,78379
Jack Turner,78380
Jack Turner,78382
Jeff Turner,78381
John Turner,1819
Myles Turner,1626167
Wayne Turner,1943
Mel Turpin,78386
Dave Twardzik,78387
Jack Twyman,78388
B.J. Tyler,189
Jeremy Tyler,202719
Terry Tyler,78390
Charlie Tyra,78391
Edwin Ubiles,202775
Ekpe Udoh,202327
Ime Udoka,2137
Beno Udrih,2757
Roko Ukic,101146
Tyler Ulis,1627755
Wes Unseld,78392
Hal Uplinger,78393
Kelvin Upshaw,78394
Jarrod Uthoff,1627784
Ben Uzoh,202386
Robert Vaden,201987
Jonas Valanciunas,202685
Darnell Valentine,78395
Denzel Valentine,1627756
Ron Valentine,78396
John Vallely,78397
Dick Van Arsdale,78398
Tom Van Arsdale,78399
Butch Van Breda Kolff,78401
Jan Van Breda Kolff,78400
Nick Van Exel,89
Keith Van Horn,1496
Norm Van Lier,78406
Fred VanVleet,1627832
Gene Vance,78402
Log Vander Velden,78403
Jarred Vanderbilt,1629020
Ernie Vandeweghe,78405
Kiki Vandeweghe,78404
Nick Vanos,78407
David Vanterpool,2128
Ratko Varda,2237
Anderson Varejao,2760
Jarvis Varnado,202363
Greivis Vasquez,202349
Devin Vassell,1630170
Charles Vaughn,78409
David Vaughn,710
Jacque Vaughn,1521
Rashad Vaughn,1626173
Virgil Vaughn,78411
Loy Vaught,919
Bob Verga,78413
Peter Verhoeven,78414
Jan Vesely,202686
Gundars Vetra,78415
Joao Vianna,78416
Luca Vildoza,1630492
Charlie Villanueva,101111
Gabe Vincent,1629216
Jay Vincent,78418
Sam Vincent,78417
Marcus Vinicius,200790
Fred Vinson,1844
Gary Voce,78419
Floyd Volker,78420
Alexander Volkov,78421
Whitey Von Nieda,78422
Noah Vonleh,203943
Jake Voskuhl,2063
Danny Vranes,78423
Slavko Vranes,2582
Stojko Vrankovic,1037
Brett Vroman,78425
Jackson Vroman,2761
Nikola Vucevic,202696
Sasha Vujacic,2756
Dean Wade,1629731
Dwyane Wade,2548
Mark Wade,78426
Von Wafer,101144
Clint Wager,78427
Dajuan Wagner,2402
Danny Wagner,78428
Franz Wagner,1630532
Milt Wagner,78429
Moritz Wagner,1629021
Ish Wainright,1630688
Dion Waiters,203079
Granville Waiters,78430
Andre Wakefield,78431
Neal Walk,78432
Andy Walker,78433
Antoine Walker,952
Brady Walker,78434
Chet Walker,78435
Darrell Walker,78437
Foots Walker,78436
Henry Walker,201611
Horace Walker,78438
Jabari Walker,1631133
Jimmy Walker,78439
Kemba Walker,202689
Kenny Walker,78440
MJ Walker,1630640
Phil Walker,78441
Samaki Walker,955
Wally Walker,78442
Lonnie Walker IV,1629022
John Wall,202322
Ben Wallace,1112
Gerald Wallace,2222
John Wallace,961
Michael Wallace,78443
Rasheed Wallace,739
Tyrone Wallace,1627820
Dwight Waller,78444
Jamie Waller,78445
Jim Walsh,78446
Matt Walsh,101190
Rex Walters,777
Paul Walther,78447
Rabbit Walthour,78448
Bill Walton,78450
Lloyd Walton,78449
Luke Walton,2575
Derrick Walton Jr.,1628476
Brad Wanamaker,202954
Bobby Wanzer,78453
Perry Warbington,78454
Charlie Ward,369
Gerry Ward,78455
Henry Ward,78456
Casper Ware,203810
Jim Ware,78457
Ben Warley,78458
Bob Warlick,78459
Cornell Warner,78460
Jameel Warney,1627866
Johnny Warren,78461
T.J. Warren,203933
Willie Warren,202378
Bryan Warrick,78462
Hakim Warrick,101124
Chris Washburn,78463
Julian Washburn,1627395
Bobby Washington,78469
Darius Washington,200827
Duane Washington,78464
Dwayne Washington,78465
Eric Washington,1540
Jim Washington,78466
Kermit Washington,78467
P.J. Washington,1629023
Richard Washington,78468
Stan Washington,78470
Wilson Washington,78471
Duane Washington Jr.,1630613
TyTy Washington Jr.,1631102
Yuta Watanabe,1629139
Tremont Waters,1629682
Lindy Waters III,1630322
Trendon Watford,1630570
Darryl Watkins,201208
C.J. Watson,201228
Earl Watson,2248
Jamie Watson,320
Paul Watson,1628778
Peyton Watson,1631212
Ron Watts,78474
Slick Watts,78473
Maalik Wayns,203146
David Wear,204033
Travis Wear,204037
Clar. Weatherspoon,221
Nick Weatherspoon,78475
Quinndary Weatherspoon,1629683
Kyle Weaver,201602
Jeff Webb,78477
Marcus Webb,78478
Spud Webb,892
James Webb III,1627821
Chris Webber,185
Briante Weber,1627362
Forest Weber,78479
Jeff Webster,1067
Martell Webster,101110
Marvin Webster,78481
Scott Wedman,78482
Sonny Weems,201603
Dick Wehr,78483
Brant Weidner,78484
Bob Weiss,78485
Rick Weitzman,78486
Bonzi Wells,1719
Bubba Wells,1528
Owen Wells,78488
Ralph Wells,78489
Chris Welp,1846
Jiri Welsch,2412
Thomas Welsh,1629118
Bill Wennington,82
Matt Wenstrom,78492
Robert Werdann,438
Ray Wertis,78494
Blake Wesley,1631104
David Wesley,133
Walt Wesley,78495
David West,2561
Delonte West,2753
Doug West,28
Jerry West,78497
Mario West,201238
Mark West,770
Roland West,78499
Russell Westbrook,201566
Paul Westphal,78500
John Wetzel,78501
Robert Whaley,101156
Ennis Whatley,941
DeJuan Wheat,1545
Clinton Wheeler,78504
Tyson Wheeler,1755
Lucian Whitaker,78506
Coby White,1629632
DJ White,201591
Derrick White,1628401
Eric White,78507
Herb White,78508
Hubie White,78509
Jack White,1631298
Jahidi White,1751
James White,200778
Jojo White,78510
Okaro White,1627855
Randy White,1839
Rodney White,2206
Rory White,78512
Royce White,203091
Rudy White,78513
Terrico White,202358
Tony White,78514
Willie White,78515
Andrew White III,1628510
Isaiah Whitehead,1627785
Jerome Whitehead,78516
Donald Whiteside,1126
Hassan Whiteside,202355
Dwayne Whitfield,730
Charles Whitney,78519
Chris Whitney,43
Greg Whittington,204222
Shayne Whittington,203963
Sidney Wicks,78520
Murray Wier,78521
Bob Wiesenhahn,78522
Joe Wieskamp,1630580
Aaron Wiggins,1630598
Andrew Wiggins,203952
Mitchell Wiggins,78523
Lindell Wigginton,1629623
Ken Wilburn,78524
C.J. Wilcox,203912
Chris Wilcox,2404
D.C. Wilcutt,78525
Gene Wiley,78526
Jacob Wiley,1628451
Michael Wiley,78527
Morlon Wiley,78528
Win Wilfong,78529
Lenny Wilkens,78530
Bob Wilkerson,78531
Jamaal Wilkes,78532
James Wilkes,78533
Damien Wilkins,2863
Dominique Wilkins,1122
Eddielee Wilkins,78534
Gerald Wilkins,786
Jeff Wilkins,78537
Dale Wilkinson,78538
Mike Wilks,2366
Aaron Williams,1425
Alan Williams,1626210
Alondes Williams,1631214
Alvin Williams,1541
Arthur Williams,78539
Bernie Williams,78540
Bob Williams,78564
Brandon Williams,1585
Brandon Williams,1630314
Buck Williams,433
C.J. Williams,203710
Chuck Williams,78547
Chuckie Williams,78541
Cliff Williams,78543
Corey Williams,101258
Deron Williams,101114
Derrick Williams,202682
Don Williams,78545
Earl Williams,78546
Elliot Williams,202343
Eric Williams,677
Frank Williams,2421
Freeman Williams,78548
Grant Williams,1629684
Gus Williams,78549
Guy Williams,78550
Herb Williams,1006
Hot Rod Williams,73
Jalen Williams,1631114
Jason Williams,1715
Jawad Williams,101214
Jay Williams,2398
Jaylin Williams,1631119
Jayson Williams,420
Jerome Williams,966
John Williams,78554
Johnathan Williams,1629140
Jordan Williams,202716
Justin Williams,200818
Kenny Williams,78555
Kenrich Williams,1629026
Kevin Williams,78556
Lorenzo Williams,31
Lou Williams,101150
Marcus Williams,200766
Marcus Williams,201173
Mark Williams,1631109
Marvin Williams,101107
Micheal Williams,52
Mike Williams,78558
Milt Williams,78560
Mo Williams,2590
Monty Williams,42
Nate Williams,78561
Patrick Williams,1630172
Pete Williams,78566
Ray Williams,78571
Reggie Williams,199
Reggie Williams,202130
Rickey Williams,78563
Rob Williams,78565
Ron Williams,78567
Sam Williams,78568
Samuel Williams,78569
Scott Williams,281
Sean Williams,201157
Shammond Williams,1742
Shawne Williams,200761
Shelden Williams,200749
Sly Williams,78570
Terrence Williams,201944
Travis Williams,1576
Troy Williams,1627786
Walt Williams,1005
Ward Williams,78573
Willie Williams,78574
Ziaire Williams,1630533
Robert Williams III,1629057
Matt Williams Jr.,1628475
Vince Williams Jr.,1631246
Nigel Williams-Goss,1628430
Corliss Williamson,722
John Williamson,78575
Zion Williamson,1629627
Kevin Willis,788
Bill Willoughby,78577
Dedric Willoughby,2000
Bob Wilson,78586
Bobby Wilson,78585
D.J. Wilson,1628391
George Wilson,78579
Isaiah Wilson,78580
Jamil Wilson,203966
Mike Wilson,78581
Nikita Wilson,78582
Othell Wilson,78578
Rick Wilson,78583
Ricky Wilson,78584
Thomas Wilson,78587
Trevor Wilson,1027
Kyle Wiltjer,1627787
Kennard Winchester,78589
Tony Windis,78590
Dylan Windler,1629685
John Windsor,78591
Lee Winfield,78592
David Wingate,766
Dontonio Wingfield,112
Harthorne Wingo,78596
Marv Winkler,78597
Justise Winslow,1626159
Rickie Winslow,1984
Cassius Winston,1630216
Trevor Winter,1868
Brian Winters,78600
Voise Winters,78601
Willie Wise,78602
James Wiseman,1630164
Jeff Withey,203481
Luke Witte,78603
Randy Wittman,1456
Garry Witts,78605
Dave Wohl,78606
Joe Wolf,341
Ruben Wolkowyski,2106
Nate Wolters,203489
Al Wood,78610
Bob Wood,78612
Christian Wood,1626174
David Wood,116
Howard Wood,78609
Leon Wood,78611
Robert Woodard II,1630218
Loren Woods,2254
Qyntel Woods,2417
Randy Woods,1010
Mike Woodson,78614
Orlando Woolridge,78615
Kenny Wooten,1629624
Haywoode Workman,906
Mark Workman,78616
Tom Workman,78617
Metta World Peace,1897
Sam Worthen,78618
James Worthy,1460
Antoine Wright,101120
Bracey Wright,101152
Brad Wright,78620
Brandan Wright,201148
Chris Wright,202874
Chris Wright,203203
Delon Wright,1626153
Dorell Wright,2748
Howard Wright,78621
Joby Wright,78622
Julian Wright,201153
Larry Wright,78623
Lorenzen Wright,953
Luther Wright,1007
Moses Wright,1630589
Sharone Wright,412
McKinley Wright IV,1630593
Justin Wright-Foreman,1629625
Tony Wroten,203100
A.J. Wynder,78627
Guerschon Yabusele,1627824
Yao Ming,2397
Vincent Yarbrough,2428
George Yardley,78628
Barry Yates,78629
Wayne Yates,78630
Charlie Yelverton,78631
Yi Jianlian,201146
Rich Yonakor,78632
Gabe York,1628221
Danny Young,78633
James Young,203923
Joe Young,1626202
Korleone Young,1748
Michael Young,78634
Nick Young,201156
Perry Young,78635
Sam Young,201970
Thaddeus Young,201152
Tim Young,1937
Trae Young,1629027
Omer Yurtseven,1630209
Max Zaslofsky,78638
Robert Zawoluk,78639
Cody Zeller,203469
Dave Zeller,78640
Gary Zeller,78641
Hank Zeller,78642
Luke Zeller,202545
Tyler Zeller,203092
Tony Zeno,78643
Phil Zevenbergen,78644
Wang Zhi-zhi,1917
George Zidek,678
Derrick Zimmerman,2583
Stephen Zimmerman,1627757
Paul Zipser,1627835
Ante Zizic,1627790
Jim Zoet,78647
Bill Zopf,78648
Ivica Zubac,1627826
Matt Zunic,78650
